経産省前テントひろば・反原発美術館がオープンします！,2015-12-01,"2015年12月5日（土）、東京・霞が関に新たな名所が誕生します！　2011年9月11日に、経産省管理のポケットパーク内に建てられた、「経産省前テントひろば」。脱原発を願う市民が情報発信をし、交流する場として、4年以上存在し続けています。経産省から立ち退き裁判を起こされ、2015年10月、高裁で「控訴棄却」の判決が出ました。いつ、撤去されてもおかしくない「経産省前テントひろば」が、脱原発の活動を続けるアーティストたちの手により、「反原発美術館」としてオープンします！　オープニング・イベントをはじめ、様々な企画が予定されています。私はこの美術館の企画責任者・コーディネーターとして参加しています。詳細は<a href=""http://brianandco.cocolog-nifty.com/blog/2015/12/jp-5784.html"" target=""_blank"">こちら</a> をご覧ください。皆様"
『ブライアンと仲間たち』上映＆イギリスとスカイプ中継！,2015-12-01,"2015年12月12日（土）、経産省前テントひろば・反原発美術館にて、『ブライアンと仲間たち』を上映します。上映後にはなんと、イギリスの国会前で座り込みの反戦運動を続ける、映画にも登場する人たちと、スカイプでつなぎ、ディスカッションを予定しています！！（通訳あり）。日英の「座り込み」、いったいどんな話が飛び出すでしょうか？　詳細は<a href=""http://www.petiteadventurefilms.com/screenings.php"" target=""_blank"">こちら</a> をご覧ください。"
『FOUR YEARS ON』（あれから4年）、三鷹いのちと平和映画祭で上映されます！,2015-10-28,"2015年11月29日（日）、三鷹いのちと平和映画祭にて、281_Anti nukeさんを追ったドキュメンタリー『FOUR YEARS ON』（あれから4年）が上映されます。上映後、監督トークあり。他に、『うまれる ずっと、いっしょ。』、『小さき声のカノン - 選択する人々』も上映されます。同日のプログラム終了後、18時からは同会場にて懇親会。是非ご参加ください♪ 詳しくは<a href=""http://www.mitakaff.com/dai7kaieigasyousai.html"" target=""_blank"">こちら</a>をご覧ください。"
『木田さんと原発』、東京･神楽坂で上映＆木田節子さんトークあり！,2015-10-06,"2015年10月25日（日）、『木田さんと原発、そして日本』が、東京･神楽坂の「SCATセミナールーム」にて上映されます。当日は、木田節子さんと監督のトーク、『FOUR YEARS ON』の上映、石川テレビ制作の 『川柳人鶴彬　今に伝わるメッセージ』上映もあります。交流会のお食事は「Loca☆Kitchen」さん！　10月23日までの事前予約制です。詳しくは<a href=""http://petiteadventurefilms.com/screenings.php"" target=""_blank"">こちら</a>をご覧ください。"
『ブライアンと仲間たち』、埼玉県毛呂山町で上映！,2015-09-04,"2015年11月22日（日）、『ブライアンと仲間たち』が、埼玉県入間郡毛呂山町の「SCATセミナールーム毛呂分室」にて上映されます。SCAT毛呂分室のプレオープンイベントとして、映画上映の他、砂川事件元被告・土屋源太郎さんの講演、東京琉球館の島袋陽子さんの講演などが予定されています。詳しくは<a href=""http://petiteadventurefilms.com/screenings.php"" target=""_blank"">こちら</a>をご覧ください。"
10月開講！ 3分ビデオ講座、受講生募集！,2015-08-07,"立川の市民センター・シビルにて、2015年10月より3分ビデオ講座を開講します！ 全6回で、撮影の基礎から編集、ネット公開までをマスター。初心者の方大歓迎。機材の用意不要です。定員15名。ご興味のある方は是非！ 詳細は<a href=""http://brianandco.cocolog-nifty.com/blog/2015/08/jp-103-3daa.html"" target=""_blank"">こちら</a>をご覧ください。"
「男女共同参画推進フォーラム」にてメディア･ワークショップを行います！,2015-08-06,"2015年8月22日（土）10:00～、埼玉県比企郡嵐山のNWEC（国立女性教育会館）にて開催される、「男女共同参画推進フォーラム」で、メディア･ワークショップを行います。どなたでも参加出来ます。定員150名。主催はNWECアーキビストの会。詳細は<a href=""http://brianandco.cocolog-nifty.com/blog/2015/08/jp-4dde.html"" target=""_blank"">こちら</a>をご覧ください。"
8/16韓国ドキュメンタリー映画祭開催！！,2015-08-06,"2015年8月16日（日）17:00～、東京･神楽坂のスキャット･セミナー･ルームにて韓国ドキュメンタリー映画祭を開催します！　韓国のドキュメンタリー界を代表する、二人の監督の作品を上映＆両監督も来場！　詳しくは<a href=""http://brianandco.cocolog-nifty.com/blog/2015/08/jp-816-ee86.html"" target=""_blank"">こちら</a>をご覧ください。"
『ブライアンと仲間たち』、熊本で上映されます！,2015-07-27,"2015年7月30日（木）13:00～、『ブライアンと仲間たち』が熊本県上益城郡の、益城エリムキリスト教会にて上映されます。参加費無料。主催はくまもと障害者9条の会。詳細は<a href=""http://petiteadventurefilms.com/screenings.php"" target=""_blank"">こちら</a>をご覧ください。"
『Four Years On（あれから4年）』、第29回福岡アジア映画祭で上映されます!,2015-06-16,"2015年7月12日（日）、福岡で開催される<a href=""http://asianfilm.tank.jp/"" target=""_blank"">第29回福岡アジア映画祭</a>にて、『Four Years On（あれから4年）』が上映されます。『Oh Lucy!』、『なるしまフレンド』と一緒のプログラムで上映されます（3本立て♪）。福岡近辺にお住まいの方は是非! 詳しくは<a href=""http://petiteadventurefilms.com/screenings.php"" target=""_blank"">こちら</a>をご覧ください。"
インド報告会、渋家（東京・渋谷）にて開催します！,2015-03-24,"2015年4月12日（日）、若手クリエイターが多く暮らす刺激的なシェアハウス・渋家主催にて、インドの報告会を開催します！　インドの映画祭、最新社会事情、驚きの社会運動、その他アジアの映画監督事情などなど、沢山の写真と共にお話します！ インド風の飲食つきです♪ 詳しくは<a href=""http://petiteadventurefilms.com/screenings.php"" target=""_blank"">こちら</a>をご覧ください。※要事前予約、定員15名。"
インド報告会、dislocate（東京・杉並）にて開催します！,2015-03-17,"2015年3月29日（日）、dislocate主催にて、インドの報告会を開催します！　会場は「あなたの公差転」（杉並区善福寺）。インドの映画祭、最新社会事情、驚きの社会運動などなど、沢山の写真と共にお話します！　詳しくは<a href=""http://petiteadventurefilms.com/screenings.php"" target=""_blank"">こちら</a>をご覧ください。"
インド報告会、経産省前テントひろばで開催します！,2015-03-14,"2015年3月15日（日）17:00～、インドの報告会を経産省前テント広場で行います。インドの映画祭、最新社会事情、驚きの社会運動などなど、沢山の写真と共にお話します！ インドのお土産（お菓子）もありますよ～！ 詳しくは<a href=""http://petiteadventurefilms.com/screenings.php"" target=""_blank"">こちら</a>をご覧ください。"
"Latest film ""FOUR YEARS ON"" released on YouTube!",2015-03-11,"The Japan's most ""radical"" graffiti artist, 281_Anti nuke's documentary film, ""FOUR YEARS ON"" released on YouTube! The artist has been vigorously criticizing TEPCO and the Japanese government on the streets in Shibuya, Tokyo. Today is just four years after the Great East Japan Earthquake and Fukushima Nuclear Power Plant disaster on 11th March 2011. Watch the film with English subtitles from <a href=""http://youtu.be/FZIVBCxu7_w"" target=""_blank"">here</a>!"
最新作『FOUR YEARS ON』（あれから4年）をネット公開！,2015-03-10,"今、日本で最も“過激”なストリート・アーティスト、281_Anti nukeを追ったドキュメンタリー映画、『FOUR YEARS ON』（あれから4年）。本日より、英語字幕つきでYouTubeに公開しました！！　映画の詳細＆視聴は<a href=""http://brianandco.cocolog-nifty.com/blog/2015/03/jp-281_anti-nuk.html"" target=""_blank"">こちら</a>をご覧ください。"
東日本大震災直後の仙台市荒浜の映像、アイルランド・ダブリンで上映されます！,2015-03-09,"2015年3月8日（日）～11日（日）、アイルランド・ダブリンのYamamori Sushi内TENGUにて、東日本大震災、福島第一原子力発電所事故、復興へ向けた経緯、現在の被災地の様子を伝える、「かける」プロジェクトが開催されます。私が制作した、東日本大震災直後の仙台市荒浜の映像も上映されます。詳しくは<a href=""http://petiteadventurefilms.com/screenings.php"" target=""_blank"">こちら</a>をご覧ください。"
【予告】311直前、最新作『FOUR YEARS ON』をネット公開！,2015-02-22,"先日、原発に反対する経産省前テントひろばにてプレミア上映を行い、話題となった最新作『FOUR YEARS ON』（あれから4年）。今、日本で最も“過激”なストリート・アーティストの281_Anti nukeを追ったドキュメンタリー映画です。東日本大震災から丸4年となる3月11にあわせ、311直前にネットにて最新作を公開します！ 映画の詳細と先日のプレミア上映の様子は<a href=""http://brianandco.cocolog-nifty.com/blog/2015/02/jp-281_anti-nuk.html"" target=""_blank"">こちら</a>をご覧ください。"
2月20日（金）夜、最新作『FOUR YEARS ON』プレミア上映します！！,2015-02-17,"2月20日（金）夜、霞が関の経産省前テントひろばにて、最新作『FOUR YEARS ON』のプレミア上映会をやります。日本で今、最も過激なストリート・アーティストとして知られる「281_Anti nuke」を追った作品。映画は20分で、18:30頃～、19時台～、20時台～の合計3回上映予定。映画とプレミア上映会の詳細は<a href=""http://brianandco.cocolog-nifty.com/blog/2015/02/jp-four-years-o.html"" target=""_blank"">こちら</a>をご覧ください。皆さまのご来場、お待ちしております！！"
シェアハウスをテーマにしたラジオ番組「リバ邸原宿～ドロップアウト by Liverty シーズン2～」に出演します！,2015-02-08,"2015年2月8日（日）18:00～19:00、白濱優子さんがパーソナリティーを務めるラジオ番組、「リバ邸原宿～ドロップアウト by Liverty シーズン2～」に出演させていただきます。お時間のある方は是非お聴きくださいね！　ご視聴は<a href=""https://www.soraxniwa.com/tickets/a7b72630"" target=""_blank"">こちら</a>から。"
『乙女ハウス』、東久留米市男女平等推進センターで上映されます！,2015-02-06,"2015年3月7日（土）、東久留米市の男女平等推進センターで『乙女ハウス』の上映とトークがあります。市の男女平等推進センター主催のイベントで、講座と映画上映を通して「『住まいのカタチ』から暮らし方を考える」というもの。第1部では、NPOコレクティブハウジング社・共同代表理事の宮前眞理子さんが、「コレクティブハウスという住まい方」について講演し、第2部では映画『乙女ハウス』上映と、監督＆乙女ハウス元オーナーの千野紀美子さんによるトークとなっています。入場は無料ですが、定員24名、先着申込順となっていますので、是非お早めにお申し込みください♪　詳しくは<a href=""http://petiteadventurefilms.com/screenings.php"" target=""_blank"">こちら</a>をご覧ください。"
『踊る善福寺』（英語字幕版）、第11回アジア女性映画祭（インド・ニューデリー）で上映されます！,2015-01-21,"2015年3月3日～5日、インド・ニューデリーで開催される第11回アジア女性映画祭で、3月4日（水）『踊る善福寺』が上映されます。映画祭のホームページは<a href=""http://iawrtindia.blogspot.in/"" target=""_blank"">こちら</a>です。監督も初めてインドに渡り、映画祭で質疑応答をします！！"
『木田さんと原発、そして日本』（ドイツ語字幕付版）がHALBWERTSZEIT映画祭（スイス）で上映されます！,2015-01-21,"2015年3月12日、スイス・チューリッヒで開催されるHALBWERTSZEIT映画祭で、『木田さんと原発、そして日本』のドイツ語字幕付版が上映されます！詳しくは<a href=""http://petiteadventurefilms.com/screenings.php"" target=""_blank"">こちら</a>をご覧ください。"
『ブライアンと仲間たち』、第5回アムネスティ映画祭で上映されます！,2014-12-16,"2015年1月25日（日）、『ブライアンと仲間たち』が新橋のヤクルトホールで上映されます。第5回アムネスティ映画祭のプログラムとして上映され、上映後には監督トークも予定されています。本邦初公開作品、劇場未公開作品、普段はなかなか観ることのできない作品など、貴重な映画がたくさん観られる2日間。ぜひご来場ください！　詳しくは<a href=""http://petiteadventurefilms.com/screenings.php"" target=""_blank"">こちら</a>をご覧ください。"
11月2日（日）ドキュメンタリー映画『無知の知』、ゲストトークに出演します！,2014-10-29,"2014年11月2日（日）、ポレポレ東中野にて上映されるドキュメンタリー映画『無知の知』、13:00～の上映回のあと、石田朝也監督とのゲストトークに出演します。311当時の首相、官房長官、原子力安全委員会委員長、原発推進派の学者、歴代の首相etcが、カメラの前で当時を語るという衝撃のドキュメンタリー。是非ご覧ください！　詳しくは<a href=""http://brianandco.cocolog-nifty.com/blog/2014/10/jp-112-b6dd.html"" target=""_blank"">こちら</a>をご覧ください。"
ビッグイシュー（10/15発売の249号）にインタビューが掲載されました！,2014-10-15,"2014年10月15日発売のビッグイシュー249号、特集「空き家は自由空間」に、『乙女ハウス』が取り上げられ、インタビューが掲載されました！　販売場所は<a href=""http://bigissue.jp/sell/index.html"" target=""_blank"">こちら</a>にあります。定価350円のうち、180円が路上生活を余儀なくされている販売者の収入になります。街なかで見かけたらぜひご購入ください！"
『わたしと政治、ギャップを埋める！ ～現職区議会議員と徹底トーク～』開催！,2014-10-13,"2014年10月17日（金）、現職の区議会議員をお招きし、プライベートから政治の話までたっぷり伺うイベントを開催します！　会場はかがやき亭（JR西荻窪駅から徒歩約7分）。主催はdislocate。杉並区議会議員を1999年より4期勤める河津りえ子さん（民主党）と富本卓さん（自民党）がゲストです。対話をすることで、私たちと政治の""距離""を縮めようという試み。入場は無料で、杉並区外の方の参加も歓迎。詳しくは<a href=""http://www.petiteadventurefilms.com/screenings.php"" target=""_blank"">こちら</a>をご覧ください。"
『踊る善福寺』、高円寺4thで上映されます！,2014-10-12,"2014年10月22日（水）、高円寺4thで『踊る善福寺』の上映があります。上映の他、監督＆出演者による製作裏話トーク、シンガー・ソングライターの大杉雅一さんとベーシストのツムラヤキヨカズさんのライブ等、満載の企画です！　是非いらしてください！　詳しくは<a href=""http://www.petiteadventurefilms.com/screenings.php"" target=""_blank"">こちら</a>をご覧ください。"
木田節子さん手記・新聞記事をまとめた小冊子＆特製クリアファイルをDVDお買い上げ先着20名様に！,2014-10-12,"木田節子さんの手記・新聞記事をまとめた小冊子と、木田さんのメッセージ入りの特製クリアファイルを、『木田さんと原発、そして日本』DVD（日本語版または英語版）をお買い上げの方、先着20名様に差し上げます。是非この機会にお買い求めください！　ご購入は<a href=""http://www.petiteadventurefilms.com/online_shop.php"" target=""_blank"">こちら</a>から。"
『木田さんと原発、そして日本』、ベルギー・ブリュッセルで上映されます！,2014-10-12,"2014年11月29日（土）、『木田さんと原発、そして日本』（英語字幕付版）が、ベルギー・ブリュッセルのCinema Novaで上映されます。震災特集「Cinema With Us」プログラムの一環として上映されます。上映後には、監督と木田節子さんがスカイプで会場と質疑応答をします（日本時間11月30日朝6:10～！）。その様子をツイキャスで生中継するかもしれません？　詳しくはツイッター等でアナウンスします。どんな質疑応答になるのか、乞うご期待！　上映について詳しくは<a href=""http://www.petiteadventurefilms.com/screenings.php"" target=""_blank"">こちら</a>をご覧ください。ベルギーにお知り合いがいる方は是非お知らせくださればうれしいです。"
『さようならUR』、三鷹いのちと平和映画祭で上映されます！,2014-10-12,"2014年11月29日（土）、『さようならUR』が三鷹いのちと平和映画祭で上映されます。上映時間は後日発表しますが、おそらく午後か夕方ごろになるかと思います。上映終了後に監督トークも予定。とびきり美味しい食事とお酒が自慢の懇親会もあります！　詳しくは<a href=""http://www.petiteadventurefilms.com/screenings.php"" target=""_blank"">こちら</a>をご覧ください。"
『ホームレスごっこ』、東京・飯田橋にて上映されます！,2014-10-12,"2014年12月3日（水）、『ホームレスごっこ』が飯田橋の東京ボランティア・市民活動センターで上映されます。主催はVIDEO ACT!で、第72回VIDEO ACT!上映会～「ホームレス」とは誰か～としての上映です。『ホームレスごっこ』の他、『VJU REPORT Vol.7 ジェントリフィケーション　虚飾の影の野宿者排除』（遠藤大輔監督、23分）、『「ホームレス」と出会う子どもたち』（飯田基晴監督、30分）も上映され、上映後には3監督によるトークとディスカッションがあります。是非いらしてください！　詳しくは<a href=""http://www.petiteadventurefilms.com/screenings.php"" target=""_blank"">こちら</a>をご覧ください。"
せんだいメディアテーク「記憶と想起　イメージの家を歩く」展に参加します！,2014-10-12,"2014年11月15日（土）～2015年1月12日（月）、宮城県仙台市のせんだいメディアテーク「記憶と想起　イメージの家を歩く」展に参加します。2011年に被災地や仮設住宅で撮影した映像が6階ギャラリー4200で上映されます。詳しくは<a href=""http://www.petiteadventurefilms.com/screenings.php"" target=""_blank"">こちら</a>をご覧ください。"
『ホームレスごっこ』、札幌国際短編映画祭・オフシアター部門で上映されます！,2014-09-22,"2014年10月10日（金）、札幌国際短編映画祭・オフシアター部門にて、『ホームレスごっこ』が上映されます。札幌近郊の方はぜひご覧ください！　上映について、詳しくは<a href=""http://www.petiteadventurefilms.com/screenings.php"" target=""_blank"">こちら</a>をご覧ください。"
『踊る善福寺』＆『ホームレスごっこ』、映像女性学の会で上映されます！,2014-09-17,"2014年9月27日（土）18:30～、映像女性学の会主催で、『踊る善福寺』と『ホームレスごっこ』が上映されます。会場は渋谷女性センター・アイリス。入場無料（カンパ歓迎）。上映後に監督トークあり。是非いらしてください！詳しくは<a href=""http://www.petiteadventurefilms.com/screenings.php"" target=""_blank"">こちら</a>をご覧ください。"
『さようならUR』、多摩市にて上映されます！,2014-09-17,"2014年11月15日（土）、東京都多摩市にて『さようならUR』上映と監督との懇親会があります。主催は「たえのは！」（多摩映画好き飲んで話そう会）。上映は午後と夕方の2回（トークなし、入れ替え制）で、夜は監督を交え懇親会があります。久しぶりの『さようならUR』上映、タマ方面にお住まいの方は是非！　詳しくは<a href=""http://www.petiteadventurefilms.com/screenings.php"" target=""_blank"">こちら</a>をご覧ください。"
「住み開き大阪511」にて関西インディペンデント映画事情イベントやります！,2014-09-03,"2014年9月12日（金）20:00～、大阪の「住み開き大阪511」というイベント＆宿泊スペースにて、関西のインディペンデント映画事情についてのイベントを開催します。題して、「関西のインディペンデント映画事情が知りたい！！ ～東京より早川由美子参ります～」！　詳しくは<a href=""http://brianandco.cocolog-nifty.com/blog/2014/09/jp-912511-ea48.html"" target=""_blank"">こちら</a>をご覧ください。関西の、インディペンデント映画に関わる人、映画大好きな人の参加をお待ちしております！"
『ホームレスごっこ』、第1回りべるたん映画祭で上映されます！,2014-08-24,"2014年8月30日（土）、『ホームレスごっこ』が第1回りべるたん映画祭で上映されます。主催は、<a href=""http://www.libertine-i.org/"" target=""_blank"">共同運営実験スペース・りべるたん</a>。他に、Chulayarnnon Siriphol監督『VHS～失われゆく水平線』（タイ・バンコク）、拓海福原監督『I Hate You』、松平耕一監督『にゃんにゃん党4部作』、江畠香希監督『カレが捕まっちゃった』、森政也監督の作品が上映されます。詳しくは<a href=""http://www.petiteadventurefilms.com/screenings.php"" target=""_blank"">こちら</a>をご覧ください。"
『ホームレスごっこ』、スプリット映画祭（クロアチア）にて上映されます！,2014-08-23,"2014年9月14日（日）、クロアチアの<a href=""http://www.splitfilmfestival.hr/index.php?option=com_content&view=article&id=970&Itemid=320&lang=en"" target=""_blank"">スプリット映画祭</a>短編コンペティション部門にて、『ホームレスごっこ』が上映されます。クロアチア方面にお知り合いのいらっしゃる方は是非お知らせください。英語字幕版の上映です。詳しくは<a href=""http://www.petiteadventurefilms.com/screenings.php"" target=""_blank"">こちら</a>をご覧ください。"
『乙女ハウス』、岡山で上映＆トークあります！,2014-08-23,"2014年9月9日（火）夜、岡山市にあるスペースやっちにて、『乙女ハウス』の上映とトークがあります。企画は岡山映画祭スタッフでもある富田真史さん。岡山は3年ぶりの訪問です。是非いらしてください！　詳しくは<a href=""http://www.petiteadventurefilms.com/screenings.php"" target=""_blank"">こちら</a>をご覧ください。"
『踊る善福寺/ホームレスごっこ』DVD販売開始しました！,2014-08-10,"昨年、ディスロケイトというアート･プロジェクトに参加して制作した『踊る善福寺』と『ホームレスごっこ』の、二本立てDVDの販売を開始しました。DVDは<a href=""http://petiteadventurefilms.com/online_shop.php"" target=""_blank"">こちら</a>よりご購入いただけます。ぜひお買い求めください！"
『踊る善福寺/ホームレスごっこ』DVD発売記念上映＆パーティーやります！,2014-08-09,"2014年9月6日（土）18:00～、『踊る善福寺/ホームレスごっこ』DVD発売記念と、アート･プロジェクトdislocate2014のオープニングを兼ねた上映＆パーティーを杉並区善福寺で開催します！　詳しくは<a href=""http://petiteadventurefilms.com/screenings.php"" target=""_blank"">こちら</a>をご覧ください。上映のほか、ライブや今年の参加アーティストたちとの交流も。皆さまのご来場をお待ちしています！"
『乙女ハウス』＆『踊る善福寺』、中篇映画祭（大阪）で上映されます！,2014-08-02,"2014年8月30日（土）から、大阪のシネヌーヴォXで開催される中篇映画祭。期間中、『乙女ハウス』と『踊る善福寺』が、各6回上映されます。9月13日（土）と14日（日）の上映回は、監督舞台挨拶もあります。両作品とも、関西初上映です。ぜひ観にいらしてください！　詳しくは<a href=""http://www.petiteadventurefilms.com/screenings.php"" target=""_blank"">こちら</a>をご覧ください。"
『ホームレスごっこ』、O!!iDO短編映画祭で上映されます！,2014-05-22,"2014年6月4日（水）、渋谷のアップリンクで開催されるO!!iDO短編映画祭で、短編『ホームレスごっこ』が上映されます。この日のプログラムでは、他に短編6作品が一緒に上映されます。是非いらしてください！　詳しくは<a href=""http://petiteadventurefilms.com/screenings.php"" target=""_blank"">こちら</a>をご覧ください。"
『乙女ハウス』、東京・文京区で上映されます！,2014-04-29,"2014年4月30日（水）18:30～、東京・文京区の東洋大学白山キャンパスにて、『乙女ハウス』の上映とトークセッションがあります。主催はNPO法人日本希望製作所。是非いらしてください！　詳しくは<a href=""http://www.petiteadventurefilms.com/screenings.php"" target=""_blank"">こちら</a>をご覧ください。"
『ブライアンと仲間たち』、板橋区で上映されます！,2014-04-28,"2014年6月14日（土）、東京都板橋区の高島平地域センターにて、『ブライアンと仲間たち』が上映されます。主催は「高島平ドキュメンタリー映画を見る会」。久しぶりの『ブライアン～』上映です。是非いらしてください！　詳しくは<a href=""http://www.petiteadventurefilms.com/screenings.php"" target=""_blank"">こちら</a>をご覧ください。"
『乙女ハウス』、足利市で上映されます！,2014-04-28,"2014年6月28日（土）、栃木県足利市の足利市民プラザにて『乙女ハウス』が上映されます。上映後には、「女性映画監督として」というテーマでの講演もあります。主催は足利市、足利市女性団体連絡協議会。入場無料。是非いらしてください！　詳しくは<a href=""http://www.petiteadventurefilms.com/screenings.php"" target=""_blank"">こちら</a>をご覧ください。"
『木田さんと原発』、スペイン・サラゴサの環境映画祭Ecozineで上映されます！,2014-04-21,"2014年5月20日（火）、『木田さんと原発』がEcozine映画祭（スペイン・サラゴサ）の映画祭で上映されます。オフィシャル・セクションの長編作品部門での上映。もしスペインにお友達のいる方は、是非お伝えくださればうれしいです。上映について、詳しくは<a href=""http://www.petiteadventurefilms.com/screenings.php"" target=""_blank"">こちら</a>をご覧ください。"
『木田さんと原発』、ブラジル・リオデジャネイロの国際ウラニウム映画祭で上映されます！,2014-04-21,"2014年5月14日（水）、『木田さんと原発』が国際ウラニウム映画祭（ブラジル・リオデジャネイロ）の映画祭で上映されます。もしブラジルにお友達のいる方は、是非お伝えくださればうれしいです。上映について、詳しくは<a href=""http://www.petiteadventurefilms.com/screenings.php"" target=""_blank"">こちら</a>をご覧ください。"
『木田さんと原発』英語版DVD、販売開始しました！,2014-04-14,"『木田さんと原発、そして日本』の英語字幕付きDVD、発売しました！　英語字幕版は、日本語版を再編集して56分にまとめ、より観やすくなっています。販売価格は日本語版と同じ、1,000円（ただし、英語版には特典映像はありません）。送料は国内向け160円、海外向けは実費です。ぜひ、日本で暮らす外国人のお友だち、または海外のお友だちへ勧めてください！　ご購入は、日本語でのお申し込みは<a href=""http://www.petiteadventurefilms.com/online_shop.php"" target=""_blank"">こちら</a>（備考欄に「英語版希望」とお書きください）、英語でのお申し込みは<a href=""http://www.petiteadventurefilms.com/index.php?lang=en"" target=""_blank"">こちら</a>より可能です。よろしくお願いします！"
『乙女ハウス』、『ホームレスごっこ』、住まいの貧困ネットワーク5周年記念イベントにて上映されます！,2014-03-22,"2014年4月27日（日）、新宿区・保育プラザにて、住まいの貧困に取り組むネットワークの5周年記念の映画祭があり、『乙女ハウス』と『ホームレスごっこ』が上映されます！　上映後には、「住宅問題・住宅政策と貧困問題を語る」というテーマで座談会もあります。座談会登壇者：宇都宮健児さん（弁護士）、遠藤大輔さん（映画監督）、稲葉剛さん（ネットワーク世話人）、早川由美子（映画監督）、司会：坂庭国晴さん（ネットワーク世話人）。詳しくは<a href=""http://www.petiteadventurefilms.com/screenings.php"" target=""_blank"">こちら</a>をご覧ください。"
『ホームレスごっこ』、国際女性短編映画祭（イタリア・ナポリ）で上映されます！,2014-03-08,"2014年4月10日（木）、『ホームレスごっこ』が<a href=""http://www.acortodidonne.it/index_en.php"" target=""_blank"">A Corto di Donne映画祭</a>（イタリア・ナポリで開催される、国際女性短編映画祭）上映作品として選ばれました！　もしイタリアにお友達のいる方は、是非お伝えくださればうれしいです。上映について、詳しくは<a href=""http://www.petiteadventurefilms.com/screenings.php"" target=""_blank"">こちら</a>をご覧ください。（上映会場などは後日掲載します）。"
『木田さんと原発』、茨城県つくば市にて上映されます！,2014-03-06,"2014年3月8日（土）、『木田さんと原発』が茨城県つくば市の千年一日珈琲焙煎所にて上映されます。主催はグリーンズ茨城です。お近くの方は是非いらしてください。詳しくは<a href=""http://www.petiteadventurefilms.com/screenings.php"" target=""_blank"">こちら</a> をご覧ください。"
『ホームレスごっこ』ジャパン・プレミア上映決定しました！,2014-03-06,"今年初めに完成したばかりの短編『ホームレスごっこ』の本邦初公開が決まりました！　2014年3月21日（金・祝）、東京西荻窪の+ cafe（タスカフェ）にて、音楽 x ライブ x パフォーマンス x 映像を詰め込んだスペシャルイベント『Catch & Throw Vol.1』内にて上映されます。ぜひ記念すべき初上映にいらしてくださいませ！　詳しくは<a href=""http://brianandco.cocolog-nifty.com/blog/2014/03/jp-0566.html"" target=""_blank"">こちら</a> をご覧ください。"
『踊る善福寺』、東京・新宿で上映されます！,2014-03-06,"2014年3月23日（日）、東京新宿の「目白・ゆうど」にて、『踊る善福寺』が上映されます。一流ホテルでフレンチを担当する”いずよ”ちゃんによるケーキのデコレーション、その他、音楽ライブ、ワークショップなど盛りだくさんのイベント『みんなのケーキ～1個目～』イベント内での上映です。こちらのイベントのコンセプトは、”デコレーションケーキを目の前にしたときの、なんとも華やかな気持ち。 誰かをお祝いしたり誰かにお祝いされたりするときの、なんだか晴れがましい気持ち。そんなうれしい気持ちをみんなとシェアしたいから。『みんなのケーキ』は、一緒に作って一緒にたべる、ハッピーシェアリング”。詳しくは<a href=""http://brianandco.cocolog-nifty.com/blog/2014/03/jp-1-7e99.html"" target=""_blank"">こちら</a>をご覧ください。"
『踊る善福寺』＆『ホームレスごっこ』、ベトナム・ハノイで上映されます！,2014-02-19,"2014年2月21日（金）、ベトナム・ハノイにあるメディアセンター「Hanoi DOCLAB」にて『踊る善福寺』と『ホームレスごっこ』が上映されます！（英語字幕付）。なんと監督初のベトナム訪問！　どんな出会いがあるか、楽しみです！　上映後には、Q&A及びディスカッションを予定。主催：<a href=""http://www.hanoidoclab.org/en/"" target=""_blank"">Hanoi DOCLAB</a>。"
「乙女ハウス」、朝日新聞で紹介されました！,2014-02-18,"2014年2月4日の朝日新聞夕刊で、「乙女ハウス」の取り組みと映画が紹介されました。記事は<a href=""http://brianandco.cocolog-nifty.com/blog/2014/02/jp-fb6c.html"" target=""_blank"">こちら</a>からご覧いただけます！"
「木田さんと原発」、名古屋にて上映＆木田節子さんによるお話！,2014-02-12,"東日本大震災の発生からちょうど3年となる、2014年3月11日、「未来につなげる・東海ネット」主催で、「木田さんと原発、そして日本」が名古屋で上映されます。当日は、木田節子さんによるお話もあります。東海方面の方は是非いらしてください！　詳しくは<a href=""http://tokainet.wordpress.com/2014/02/03/20140311/"" target=""_blank"">こちら</a>をご覧ください。"
「乙女ハウス」、港区立男女平等参画センター主催の「女性監督映画祭」で上映されます！,2014-01-16,"2014年2月15日（土）、港区立男女平等参画センター主催の「女性監督映画祭」で上映されます。当日は、終日、世界各国の女性監督が作った作品が上映され、映画評論家・松本侑壬子さんの講演と、早川由美子監督との対談も予定されています。是非いらしてください！　詳細は<a href=""http://petiteadventurefilms.com/screenings.php"" target=""_blank"">こちら</a>をご覧ください"
「木田さんと原発」、DVD販売開始しました！,2013-12-29,"「今は福島のこと　いつかは貴方の町のこと…」<br/> 衆議院＆参議院選挙前に期間限定でネット公開し、評判となった「木田さんと原発、そして日本」が、ついにDVD化されました！　DVD特典として、三宅洋平さんの「選挙フェス」フィナーレ＠渋谷ダイジェスト映像（31分）も収録。映画について詳しくは<a href=""http://brianandco.cocolog-nifty.com/blog/2013/10/jp-a0a4.html"" target=""_blank"">こちら</a>をご覧ください。ご購入は<a href=""http://www.petiteadventurefilms.com/online_shop.php"" target=""_blank"">こちら</a>より。"
高幡台団地73号棟裁判、和解で決着しました,2013-12-25,2013年12月25日、東京高等裁判所で争われていた高幡台団地73号棟裁判が和解で決着をしました。取り急ぎの報告です。
最新作『踊る善福寺』、西荻窪で上映されます！,2013-12-08,"2013年12月21日（土）、杉並区西荻窪の「かがやき亭」にて、『踊る善福寺』の上映会があります。上映後は、エイガの出演者の一人であり、102才伝説のコーヒー豆卸・安藤久蔵さんによりコーヒーが振舞われるという、超スペシャルな企画です！　是非いらしてください。詳細は<a href=""http://petiteadventurefilms.com/screenings.php"" target=""_blank"">こちら</a>です。"
「木田さんと原発」、三鷹いのちと平和映画祭で上映されます！,2013-11-27,"2013年11月30日（土）＆12月1日（日）、三鷹いのちと平和映画祭で「木田さんと原発、そして日本」が上映されます。11月30日は前編、12月1日は後編を上映。12月1日は17:30～のパネルディスカッションに監督も参加します。是非いらしてください！　詳しくは<a href=""http://www.petiteadventurefilms.com/screenings.php"" target=""_blank"">こちら</a>をご覧ください。"
「さようならUR」、多摩ニュータウン学会で上映されます！,2013-11-22,"2013年11月30日（土）、八王子市生涯学習センター南大沢分館にて、「さようならUR」の上映と討論会が開催されます。主催は多摩ニュータウン学会です。一体どんな白熱した議論が出てくるか、乞うご期待？！　皆様のお越しをお待ちしております。詳しくは<a href=""http://petiteadventurefilms.com/screenings.php"" target=""_blank"">こちら</a>をご覧ください。"
「木田さんと原発」DVD完成記念上映＆木田節子さんとのトーク！,2013-11-15,"2013年12月11日（水）、渋谷UPLINKにて、「木田さんと原発、そして日本」DVD完成記念上映を行います。当日は、上映のあと、木田節子さんと監督によるトークも予定しています。ぜひいらしてください！　詳しくは<a href=""http://petiteadventurefilms.com/screenings.php"" target=""_blank"">こちら</a>をご覧ください。"
最新作「踊る善福寺」、トロールの森でプレミア上映！,2013-11-14,"2013年11月17日（日）、杉並区善福寺で制作した「踊る善福寺」が、「トロールの森」イベントの一環として桃井第四小学校（杉並区善福寺）で初上映されます。ビデオワークショップ参加者の作品、「トロールの森」参加アーティストの作品もあわせて上映されます。当日は私も会場にいます。ぜひいらしてください！　詳しくは<a href=""http://www.petiteadventurefilms.com/screenings.php"" target=""_blank"">こちら</a>をご覧ください。"
「さようならUR」、大阪・千里ニュータウンプラザで上映されます！,2013-10-27,"2013年11月9日（土）、大阪・千里ニュータウンプラザにて、「さようならUR」の上映会があります。主催はNPOタケミ、入場料は無料です。上映の後には懇談の時間もあります。大阪近辺にお住まいの皆様、ぜひお越しください！　詳細は<a href=""http://petiteadventurefilms.com/screenings.php"" target=""_blank"">こちら</a>をご覧ください。"
「乙女ハウス」、「女性映像フェア in 横浜」で上映されます！,2013-10-18,"2013年11月22日、「乙女ハウス」が男女共同参画センター横浜（フォーラム）で開催される、「女性映像フェア in 横浜」で上映されます！　女性映像作家が「わたし」や「わたしたち」の身近な題材をとらえたドキュメンタリー4作品を、2日間に渡って上映するこの映像祭は、今回が記念すべき第1回目！　上映当日は、「乙女ハウス」元主宰者の千野紀美子さんと監督によるトークもあります。ぜひいらしてください。詳しくは<a href=""http://www.petiteadventurefilms.com/screenings.php"" target=""_blank"">こちら</a>をご覧ください。"
「木田さんと原発、そして日本」、名古屋で上映されます！,2013-10-18,"2013年11月9日（土）、「木田さんと原発、そして日本」（前編＆後編）が、ウィルあいち（名古屋）で上映されます。当日は上映の後、監督トークもあります。中部方面の方、ぜひいらしてください！　詳しくは<a href=""http://www.petiteadventurefilms.com/screenings.php"" target=""_blank"">こちら</a>をご覧ください。"
「さようならUR」、スカパー！シネマアワー THE PRIZEで放映されます！,2013-09-23,"2013年10月4日（金）、12日（土）、13日（日）、「スカパー！シネマアワー THE PRIZE」で、「さようならUR」が放映されます。TV初放映です。映画の最後には、高幡台団地73号棟住民の村田栄法さんと中川京子さんから、視聴者の皆様に向けてのビデオメッセージも放映されます。是非ご覧ください。放映について詳しくは<a href=""http://www.sukachan.com/movie/page/001891.html"" target=""_blank"">こちら</a>。"
「乙女ハウス」DVD販売開始しました！,2013-09-20,"全国で増える空家。一方で家がない若者たち。全国で起きているこの問題に、ユニークな視点で取り組んだ「乙女ハウス」。この「乙女ハウス」関係者に取材したDVDがついに販売を開始しました！　DVDご購入の方には、「乙女ハウス」を舞台にした、豪華フルカラーの漫画本プレゼント付き！　映画について詳しくは<a href=""http://brianandco.cocolog-nifty.com/blog/2013/08/post-7f8f.html"" target=""_blank"">こちら</a>をご覧ください。ご購入は<a href=""http://www.petiteadventurefilms.com/online_shop.php"" target=""_blank"">こちら</a>より。"
高幡台団地73号棟裁判、高裁裁判傍聴のお願い！,2013-09-18,現在、高裁で争われている高幡台団地73号棟裁判。次回の裁判日程は、2013年10月2日（水）14:00～ 東京高等裁判所 424号法廷となります。多くの皆さまの傍聴をお願いします！
「さようならUR」、日暮里で上映されます！,2013-08-27,"2013年10月20日（日）、日暮里のもんじゃ焼き大和にて、「さようならUR」が上映されます。主催は<a href=""http://www.rr.iij4u.or.jp/~mokele/"" target=""_blank"">モケレンベンベ・プロジェクト</a>。当日は監督も参加します！　詳しくは<a href=""http://www.petiteadventurefilms.com/screenings.php"" target=""_blank"">こちら</a>をご覧ください。"
「乙女ハウス」プレミアム上映会＠名古屋！,2013-08-23,"2013年9月2日（月）、名古屋市教育会館にて、「乙女ハウス」のプレミアム上映をします！　この作品は、横浜に実在した「乙女ハウス」関係者に取材をし、現代社会の“住”について、その問題とこれからの可能性を探ったインタビュー作品です。なんと初上映！　上映のあとには、監督を囲む座談会も予定されています。名古屋方面の方は、是非いらしてください。（東京では9月末頃に完成披露上映会を計画中です、もうしばらくお待ちください）。詳しくは<a href=""http://www.petiteadventurefilms.com/screenings.php"" target=""_blank"">こちら</a>をご覧ください。"
「ブライアンと仲間たち」、名古屋市で上映されます！,2013-08-01,"2013年8月30日（金）、文化のみち橦木館（名古屋市）にて、「ブライアンと仲間たち」が上映されます。上映後には監督と、名古屋在住の映画評論家・高野史枝さんによるトークがあります。詳しくは<a href=""http://www.petiteadventurefilms.com/screenings.php"" target=""_blank"">こちら</a>をご覧ください。"
「さようならUR」、山形ドキュメンタリーフィルムライブラリーで上映されます！,2013-07-28,"2013年8月22日（木）、山形ドキュメンタリーフィルムライブラリー（山形市）にて、「さようならUR」が上映されます。上映は14:00～と19:00～の2回。各回とも、上映後に監督トークがあります。詳しくはこちらをご覧ください。「山形映画祭2013をさらに楽しむために…」という今回の上映、お近くの方は是非いらしてください！　詳しくは<a href=""http://www.petite.com"" target=""_blank"">こちら</a>をご覧ください。"
「さようならUR」、日仏会館イベントで上映されます！,2013-06-06,"2013年7月6日（土）、東京・恵比寿の日仏会館・フランス国立日本研究センターにて行われるイベント内で、「さようならUR」が上映されます。イベントのテーマは「住宅政策の新たな挑戦～貧困化、高齢化と移民の社会にどう応えるか？」。日仏それぞれの問題を、映画や研究者によるラウンドテーブルなどを通して考える…という非常に興味深いイベントです！　詳しくは<a href=""http://www.mfj.gr.jp/agenda/2013/07/06/index_ja.php"" target=""_blank"">こちら</a>をご覧ください。"
「ブライアンと仲間たち」、ブライアンの命日にあわせた上映会があります！,2013-06-02,"2013年6月18日（火）、東京・三軒茶屋のふろむあーすカフェ・オハナで、「ブライアンと仲間たち」の上映があります。2年前の6月18日、62歳の若さで亡くなったブライアン。彼の命日にあわせた上映会です。当日は、映画の上映に加え、この4～5月にかけて再びパーラメント・スクエアを訪れた監督の、現地最新報告を写真なども交えながらお話します。ぜひいらしてください！　詳しくは<a href=""http://www.petiteadventurefilms.com/screenings.php"" target=""_blank"">こちら</a>をご覧ください。"
「さようならUR」、大邱社会福祉映画祭（韓国・テグ）で上映されます！,2013-05-13,"2013年5月29日～6月2日に開催される、韓国・テグ市の「大邱社会福祉映画祭」で、「さようならUR」が上映されます。2010年から毎年開催されているこの映画祭は、貧困、住宅、医療、労働、教育、家族問題など様々な福祉関連の問題を、映画を通して考えることを提案しています。「さようならUR」の上映は5月30日（木）と6月1日（土）。韓国語＆英語字幕版で上映されますので、テグ市近郊にお知り合いのいらっしゃる方は、是非お知らせください。詳しくは<a href=""http://www.petiteadventurefilms.com/screenings.php"" target=""_blank"">こちら</a>をご覧ください。"
高幡台団地73号棟裁判、地裁判決が出ました！,2013-04-02,"2013年3月28日、東京地裁立川支部にて、三村晶子裁判長より判決の言い渡しがありました。結果は、URの主張を全面的に認めた、非常に厳しい内容でした。詳しくは<a href=""http://www.yomiuri.co.jp/e-japan/tokyotama/news/20130329-OYT8T00093.htm"" target=""_blank"">こちら</a>の新聞報道をご覧ください。引き続き裁判へのご注目＆ご支援をお願いいたします。"
インターネットTV番組『天真爛漫系映画革命エイガ部』で「解説編」が紹介されました！,2013-03-15,"江戸川チョヲイチロウさんと上村民輝さんがMCを務める”映画バラエティー”番組、『天真爛漫系映画革命エイガ部』で、2月に「さようならUR・紹介編」を放送していただきましたが、引き続いて「解説編」動画が紹介されました。「解説編」動画（14分38秒）は<a href=""http://youtu.be/lHJBAwTeaos"" target=""_blank"">こちら</a>よりご覧いただけます。ぜひご覧ください！"
「さようならUR」、ソウル・インディペンデント・ドキュメンタリー映画祭で上映されます！,2013-03-07,"2013年3月24日（日）&26日（火）、韓国・ソウルのソウル・インディペンデント・ドキュメンタリー映画祭（SIDOF）にて、「さようならUR」が上映されます。韓国では、昨年のソウル国際女性映画祭に続く、二度目の上映で、英語と韓国語の字幕つきで上映されます。ソウル近辺にお友達のいらっしゃる方は、是非お知らせください。詳しくは<a href=""http://www.petiteadventurefilms.com/screenings.php"" target=""_blank"">こちら</a>をご覧ください。"
「さようならUR」、「子供問題研究会」で上映されます！,2013-03-01,"2013年3月30日（土）、東京・北区の「北区滝野川会館」にて、「子供問題研究会・春の討論集会」の一部として、「さようならUR」が上映されます。当日は映画上映のあと、「映画を観て語り合う～畦地豊彦さんを偲びつつ、『さようならUR』を観ながら「団地で暮らす」ことを語り合う～」として、子供問題研究会の篠原睦治さん、73号棟住民でもある畦地笙子さん、早川由美子による対談があります。どなたでも参加出来ます。詳しくは<a href=""http://www.petiteadventurefilms.com/screenings.php"" target=""_blank"">こちら</a>をご覧ください。"
インターネットTV番組『天真爛漫系映画革命エイガ部』で紹介されました！,2013-02-10,"江戸川チョヲイチロウさんと上村民輝さんがMCを務める”映画バラエティー”番組、『天真爛漫系映画革命エイガ部』で、「さようならUR」を紹介していただきました。「紹介編」動画（14分50秒）は<a href=""http://youtu.be/jD6xbRrhrIs"" target=""_blank"">こちら</a>よりご覧いただけます。ぜひご覧ください！"
「さようならUR」、「居住福祉ネットワーク東海」設立記念集会で上映されます！,2013-02-05,"2013年3月20日（水・祝）、名古屋市の中京大学にて、「居住福祉ネットワーク東海」設立記念集会の一部として、「さようならUR」が上映されます。当日は、13:30～の第一部で映画上映、第二部は「居住福祉ネットワーク東海」設立の会（設立の趣意、参加者の紹介など）という構成になっています（終了予定時刻17:00）。中部方面の方は、是非ご参加ください！　詳しくは<a href=""http://www.petiteadventurefilms.com/screenings.php"" target=""_blank"">こちら</a>をご覧ください。"
大阪YWCAニュースレターにインタビューが掲載されました！,2013-02-04,"大阪YWCAのニュースレター（2013年2月・特別号）に、監督インタビューが掲載されました。記事は<a href=""http://osaka.ywca.or.jp/about/letter1302s.html"" target=""_blank"">こちら</a>よりご覧いただけます。また、インタビューの全文は<a href=""http://osaka.ywca.or.jp/about/letter1302s-all.html"" target=""_blank"">こちら</a>に掲載されています。"
高幡台団地73号棟裁判、判決は3月28日に！,2013-01-24,2011年3月から始まった高幡台団地73号棟裁判ですが、いよいよ3月28日（木）13:10～、東京地裁立川支部にて判決が言い渡されることになりました。多くの皆さまの傍聴応援をよろしくお願いします！
英字フリーペーパー『Metropolis』にインタビューが掲載されました！,2013-01-18,"英語のフリーペーパーとして、日本最大の発行部数を誇る『<a href=""http://www.petite.com"" target=""_blank"">Metropolis</a>』（メトロポリス）に、インタビューが掲載されました。メトロポリスは東京都内を中心に配布されています。（配布先一覧は<a href=""http://metropolis.co.jp/distribution/"" target=""_blank"">こちら</a>）インタビュー記事はインターネットでもご覧いただけます。（ネット上の記事は<a href=""http://metropolis.co.jp/features/feature/under-the-radar/"" target=""_blank"">こちら</a>。私のインタビューは2ページ目です）"
住民の会ホームページがオープンしました！,2013-01-01,"「高幡台団地73号棟に住み続けたい住民の会」のホームページが開設しました。これまでの活動、この問題の背景、そして住民の皆さんのお人柄までが分かってしまうこのサイト、ぜひアクセスしてくださいね。サイトは<a href=""http://takahatadai73.com/"" target=""_blank"">こちら</a>です。デザインは、イ・ウンジュさん。見た目はポップ＆カラフルなのに、内容は骨太という、贅沢なホームページを作ってくれました！"
「さようならUR」、DVD販売開始しました！,2012-12-31,"「さようならUR」、映画本編に5本の豪華特典映像を加えたDVDが、ついに販売開始となりました！　ぜひお買い求めください！！　豪華特典映像の詳細は<a href=""http://brianandco.cocolog-nifty.com/blog/2012/09/jp-urdvd-bfba.html"" target=""_blank"">こちら</a>をご覧ください。ご購入は<a href=""http://www.petiteadventurefilms.com/online_shop.php"" target=""_blank"">こちら</a>から。"
新作動画『木田さんと原発、そして日本』をネット公開しました！,2012-12-13,"震災前、福島県双葉郡富岡町で暮らしていた木田節子さんが、原発に近い場所に家を建てた当時のこと、原発関連企業で働く息子のこと、震災を機に変わった夫との関係、避難民­になって思うこの「日本」という国について語ります。動画は<a href=""http://youtu.be/bVUlR0r1rS0"" target=""_blank"">こちら</a>。是非ご覧ください。"
「さようならUR」、渋谷UPLINKで上映します！,2012-12-08,"2012年12月19日（水）14:00～、渋谷のUPLINKで今年最後の「さようならUR」上映です！　上映終了後にトークあり。トークゲストは本田孝義監督（『モバイルハウスのつくりかた』）。""家""をキーワードに映画を作った監督同士でトークをします。ぜひいらしてください！"
高幡台団地73号棟裁判、次回は1月24日（木）に,2012-12-04,高幡台団地73号棟の裁判、次回の日程は来年の1月24日（木）11:00～です。場所は東京地裁立川支部。ぜひ傍聴参加をお願いします！（※当初の日程12月13日から変更になりました。ご注意ください）
「ブライアンと仲間たち」、経産省前テントひろばで上映します！,2012-11-21,"「ブライアンと仲間たち」が、2012年12月2日（日）17:00～、経産省前テントひろば・第2テントで上映されます。主催は「原発いらない女たちのテントひろば」。上映後には同会場にてお話・交流会もあります。防寒対策の上、ぜひいらしてください！　詳しくは<a href=""http://petiteadventurefilms.com/screenings.php"" target=""_blank"">こちら</a>をご覧ください。"
「さようならUR」、岡山映画祭で上映します！,2012-10-27,"「さようならUR」、2012年11月18日（日）と24日（土）、岡山映画祭にて上映されます。18日の上映当日は監督による舞台挨拶もあります。詳しくは<a href=""http://www.petiteadventurefilms.com/screenings.php"" target=""_blank"">こちら</a>をご覧ください。"
しんぶん赤旗にインタビューが掲載されました！,2012-10-15,"2012年10月8日発行のしんぶん赤旗「ゆうPRESS」欄に、インタビューが掲載されました。記事は<a href=""http://brianandco.cocolog-nifty.com/blog/2012/10/jp-press-fd6c.html"" target=""_blank"">こちら</a>よりご覧いただけます。"
JCJジャーナリスト講座で講師を務めます！,2012-10-10,"2012年10月28日（日）13:30～、日本ジャーナリスト会議（JCJ）が主催するJCJジャーナリスト講座にて、ドキュメンタリー映像の講師を務めます。約100分、ドキュメンタリーについて映像もふんだんに用いながらお話します。同日、前半のプログラムは東京新聞・野呂法夫デスクによる「脱原発報道で『こちら特報部』の果たした役割」。ご興味のある方は是非！　詳しくは<a href=""http://www.petiteadventurefilms.com/screenings.php"" target=""_blank"">こちら</a>をご覧ください。"
9・13裁判の報告集会開催決定！,2012-10-08,"9月13日に行われた、高幡台団地73号棟裁判の証人尋問。東京地裁立川支部の大法廷は終日ほぼ満席で、関心の高さが伺えました。裁判の経過と今後の展望等について、弁護団より報告します。10月28日（日）14:00～、場所は日野中央福祉センターです。詳しくは<a href=""http://www.petiteadventurefilms.com/screenings.php"" target=""_blank"">こちら</a>をご覧ください。"
「さようならUR」、日野市・七生公会堂で上映されます！,2012-08-16,"「さようならUR」が2012年9月1日（土）、東京・日野市の七生公会堂にて上映されます。上映後は監督による舞台挨拶もあります。詳しくは<a href=""http://www.petiteadventurefilms.com/screenings.php"" target=""_blank"">こちら</a>をご覧ください。"
高幡台団地73号棟裁判、証人尋問9月13日（木）に決定！,2012-08-01,2011年3月より始まった高幡台団地73号棟裁判。いよいよ証人尋問が2012年9月13日（木）10:00～に東京地方裁判所・立川支部101号法廷（東京都立川市緑町10番地の4、多摩都市モノレール「高松駅」下車徒歩約5分）で行われます。証人尋問は終日で、73号棟住民の尋問は午後の予定です。ぜひ多くの皆様の傍聴参加をお願いします！
「さようならUR」、オーディトリウム渋谷、ポレポレ東中野で各1回上映されます！,2012-07-22,"昨年の山形ドキュメンタリー映画祭の東京巡回上映、「<a href=""http://www.cinematrix.jp/dds2012/"" target=""_blank"">ドキュメンタリー・ドリーム・ショー2012</a>」で、「さようならUR」がオーディトリウム渋谷（8月26日15:00～）、ポレポレ東中野（9月14日12:30～）で各1回上映されます。この機会に是非、映画館の大きなスクリーンで「さようならUR」をご覧ください！　各上映後、監督舞台挨拶があります。詳しくは<a href=""http://www.petiteadventurefilms.com/screenings.php"" target=""_blank"">こちら</a>をご覧ください。"
「さようならUR」、東京・八王子にて上映されます！,2012-07-16,"「さようならUR」が、2012年7月24日（火）、東京・八王子市の横山南市民センターにて上映されます。主催は「反貧困ネットワーク八王子」です。当日は監督も来場します。ぜひいらしてください。詳細は<a href=""http://www.petiteadventurefilms.com/screenings.php"" target=""_blank"">こちら</a>をご覧ください。"
「さようならUR」、大阪「阿倍野長屋」にて上映されます！,2012-07-06,"「さようならUR」が、2012年7月25日（水）、大阪市のレンタルスペース「阿倍野長屋」にて上映されます。ぜひいらしてください。詳細は<a href=""http://www.petiteadventurefilms.com/screenings.php"" target=""_blank"">こちら</a>をご覧ください。"
「さようならUR」、UR高島平団地集会所にて上映されます！,2012-07-04,"「さようならUR」が、2012年7月29日（日）、東京・板橋区のUR高島平2丁目団地32－2集会所にて上映されます。主催は「高島平ドキュメンタリー映画を見る会」です。当日は監督も来場します。高島平団地住民以外の方も参加できます。ぜひいらしてください。詳細は<a href=""http://www.petiteadventurefilms.com/screenings.php"" target=""_blank"">こちら</a>をご覧ください。"
ウェブマガジン「キネプレ」で「さようならUR」が紹介されました！,2012-07-02,"関西方面の上映やイベント情報が充実している、ウェブマガジン「キネプレ」で「さようならUR」が紹介されました！　シネ・ヌーヴォX公開初日、編集長の森田和幸さんにインタビューをしていただきました。記事は<a href=""http://www.cinepre.biz/?p=990"" target=""_blank"">こちら</a>よりご覧いただけます。"
「さようならUR」、シネ・ヌーヴォX（大阪）にて公開されます！,2012-06-23,"2012年6月23日（土）～7月6日（金）、大阪のシネ・ヌーヴォにて「さようならUR」が上映されます。公開初日から数日間、監督も大阪に伺う予定です！　詳しくは<a href=""http://www.petiteadventurefilms.com/screenings.php"" target=""_blank"">こちら</a>をご覧ください。"
FM千里に出演します！,2012-06-18,"2012年6月23日（土）、大阪のローカルラジオ・FM千里（83.7MHz）に出演します。15:00～の「映画の森」という番組で、ナビゲーターは林ひろこさん。FM千里は、全国どこでもインターネットで生中継が視聴できますので、ぜひお聞きくださいね！　視聴方法は <a href=""http://info-fm.sakura.ne.jp/blog/?page_id=3546"" target=""_blank"">こちら</a>をご覧ください。"
「さようならUR」、東京・三鷹市にて上映されます！,2012-06-11,"「さようならUR」が、2012年6月30日（土）、東京・三鷹市の明星学園・高校会議室にて上映されます。主催は「社会科サークル」です。上映後には監督トークも予定されています。ぜひいらしてください。詳細は<a href=""http://www.petiteadventurefilms.com/screenings.php"" target=""_blank"">こちら</a>をご覧ください。"
「さようならUR」、渋谷女性センターアイリスにて上映されます！,2012-06-07,"「さようならUR」が、2012年7月21日（土）、渋谷女性センターアイリスにて上映されます。主催は「映像女性学の会」です。上映後には監督トークも予定されています。ぜひいらしてください。詳細は<a href=""http://www.petiteadventurefilms.com/screenings.php"" target=""_blank"">こちら</a>をご覧ください。"
韓国MBCストライキ、記者・金至京さんインタビュー動画をアップしました！,2012-05-23,"2012年1月30日より、韓国の公営放送局・MBCの労働者たちは、公正な報道や社長の退陣を求め、全面ストライキを行っています。李明博政権以降、政権は既存の放送局に­政府系の人物を送り込んで放送を掌握し、政権に不利な情報の報道が阻止されているからだといいます。ストライキに参加するMBCの記者、金至京（キム・ジギョン）さんにインタビューを行い、<a href=""http://youtu.be/ndxSOh2dc1E"" target=""_blank"">動画</a>を公開しました。ぜひご覧ください。"
ブライアン追悼上映、各地の上映会情報を更新しました！,2012-05-18,"2011年6月18日に亡くなったブライアンを偲んで、各地で追悼上映会が開催されます。追悼上映では、「ブライアンと仲間たち」本編のほか、会場によっては特別映像や監督トークなども予定されています。<br/> 6月9日（土）18:30～東京・小金井<br/> 6月16日（土）18:00～東京・千代田区<br/> 6月18日（月）ブライアンの命日：19:00～東京・世田谷区<br/> 6月24日（日）12:30～愛知・名古屋<br/> 7月14日（土）19:00～福岡・福岡市<br/> 各上映会について詳しくは<a href=""http://www.petiteadventurefilms.com/screenings.php"" target=""_blank"">こちら</a>をご覧ください。"
[追悼上映]「ブライアンと仲間たち」、東京・小金井市にて上映されます！,2012-05-15,"2012年6月9日（土）18:30～、東京の小金井市公民館本館にて「ブライアンと仲間たち」が追悼上映されます。当日は、『ブライアンと仲間たち』本編（2009年制作、97分）の他、日本の観客に向けたブライアンからのビデオメッセージ（2009年制作、6分30秒）、『Brian』（2012年制作、15分）も上映されます。上映後には監督トークもあります。詳しくは<a href=""http://www.petiteadventurefilms.com/screenings.php"" target=""_blank"">こちら</a>をご覧ください。"
[追悼上映]「ブライアンと仲間たち」、space & gallery rikka（愛知・名古屋）にて上映されます！,2012-04-30,"2012年6月24日（日）13:00～、space & gallery rikka（愛知・名古屋）にて「ブライアンと仲間たち」が追悼上映されます。当日は、『ブライアンと仲間たち』（13:15～）の他、日本の観客に向けたブライアンからのビデオメッセージ（2009年制作、13:00～）、『Brian』（2012年制作、15:30～）も上映されます。詳しくは<a href=""http://www.petiteadventurefilms.com/screenings.php"" target=""_blank"">こちら</a>をご覧ください。"
ゲストトーク出演情報：5月5日（土）映画『渋谷ブランニューデイズ』,2012-04-29,"2012年5月5日（土）12:30～、渋谷のアップリンクXで公開中のドキュメンタリー映画『渋谷ブランニューデイズ』、上映後のゲストトークに出演します。映画の公式ウェブサイトは<a href=""http://www.shibu-bra.jp/"" target=""_blank"">こちら</a>をご覧ください。住宅の貧困問題当事者でもある映画監督として、住まいについては世の中に物申したいことが沢山あるので（笑）、この日は思う存分話してくるつもりです！　お時間のある方はぜひいらしてくださいね！"
ゲストトーク出演情報：5月6日（日）写真家・山本英夫さん写真展『沖縄 基地の重圧をゆるがす』,2012-04-29,"2012年5月6日（日）16:00～、東中野のパオ・ギャラリーで開催される、写真家・山本英夫さん写真展『沖縄 基地の重圧をゆるがす』のゲストトークに出演します。写真展について詳しくは<a href=""http://www.paoco.jp/sfs6_diary03/sfs6_diary/index.html"" target=""_blank"">こちら</a>をご覧ください。お時間のある方はぜひいらしてください！"
「さようならUR」、文京区民センターにて上映されます！,2012-04-17,"2012年5月25日（金）18:30～、文京区民センターにて「さようならUR」が上映されます。主催は平権懇(平和に生きる権利の確立をめざす懇談会)。上映のあとに監督トークもあります。詳しくは<a href=""http://www.petiteadventurefilms.com/screenings.php"" target=""_blank"">こちら</a>をご覧ください。"
「棲」（すみか）に「さようならUR」が掲載されました！,2012-04-16,"なごや発！等身大の暮らし提案誌、<a href=""http://jiyukukan.net/index.html"" target=""_blank"">「棲」</a>（すみか）の第06号（2012年春夏）で、「さようならUR」が紹介されています！　詳しくは<a href=""http://brianandco.cocolog-nifty.com/blog/2012/04/jp-06ur-de52.html"" target=""_blank"">こちら</a>をご覧ください。"
「さようならUR」、2012年「住まいは人権デー」映画祭にて上映されます！,2012-04-12,"「さようならUR」が、2012年6月10日（日）、2012年「住まいは人権デー」映画祭にて上映されます。1996年6月、トルコのイスタンブールで第2回国連人権居住会議が開催され、最終日の6月14日に「居住の権利は基本的人権」であることが世界各国の合意で宣言されました。そのことから、これまで6月14日を「住まいは人権デー」として、様々な活動が行われてきましたが、今年は「住まいは人権デー」映画祭として、住まいに関する映画、映像、パネルディスカッションなどが開催されます。詳細は<a href=""http://www.petiteadventurefilms.com/screenings.php"" target=""_blank"">こちら</a>をご覧ください。"
「さようならUR」、第14回ソウル国際女性映画祭にて上映されます！,2012-04-07,"2012年4月19日から開催される、第14回ソウル国際女性映画祭「Asian Spectrum: Japanese Cinema 1955x2012 - Eternal Breast」プログラムで、「さようならUR」が上映されます！　上映は4月22日（日）11:00～と20:00～の2回。映画は英語＆韓国語字幕付きで上映され、11:00～の回の上映後には監督質疑応答も予定されています。もし韓国にお友達＆お知り合いがいらっしゃる方は、上映会のことをお知らせいただけたらうれしいです！　詳しくは<a href=""http://www.petiteadventurefilms.com/screenings.php"" target=""_blank"">こちら</a>をご覧ください。"
婦民新聞にインタビューが掲載されました！,2012-04-03,"2012年3月30日発行の婦民新聞「こんにちは」欄に、インタビューが掲載されました。記事は<a href=""http://brianandco.cocolog-nifty.com/blog/2012/04/jp-8f6b.html"" target=""_blank"">こちら</a>よりご覧いただけます。"
JCJ機関紙「ジャーナリスト」に「さようならUR」上映会のレポートが掲載されました！,2012-02-26,"JCJ（日本ジャーナリスト会議）機関紙「ジャーナリスト」（第647号）に、JCJミニシンポ・「さようならUR」上映会（1月23日築地社会教育会館）のレポートが掲載されています。記事は<a href=""http://brianandco.cocolog-nifty.com/blog/2012/02/jp-jcj-fc1e.html"" target=""_blank"">こちら</a>よりご覧いただけます。"
DOCLAB2010コレクション、「路地と人」で上映されます！,2012-02-21,"2012年3月3日（土）、ベトナムのインディペンデント・メディアセンターDOCLABの、2010年のコレクション9作品が神田神保町の「路地と人」にて上映されます。昼の部（13:00~17:00）、夜の部（18:00~21:30）の合計2回。夜の部では、上映の後にDOCLAB創設者のグエン・チン・ティさんとスカイプでつなぎ、ディスカッションを予定しています。詳しくは<a href=""http://www.petiteadventurefilms.com/screenings.php"" target=""_blank"">こちら</a>をご覧ください。"
「ブライアンと仲間たち」、とも企画設計（渋谷）で上映します！,2012-02-08,"「ブライアンと仲間たち」、2012年2月28日（火）、渋谷区代々木のとも企画設計にて上映されます。当日は監督挨拶もあります。今年初めての「ブライアンと仲間たち」上映会、ぜひいらしてください。詳しくは<a href=""http://www.petiteadventurefilms.com/screenings.php"" target=""_blank"">こちら</a>をご覧ください。"
『空っ風』映画上映会中止、中村葉子監督による講演会に変更,2012-01-27,"1月29日（日）に予定されていた『空っ風』の上映会を中止し、中村葉子監督による講演会に変更させていただくことになりました。日野市中央公民館・高幡台分室にて14:00～より行います（カンパ制）。直前の変更、大変申し訳ありません。経緯については<a href=""http://brianandco.cocolog-nifty.com/blog/2012/01/jp-8d3c.html"" target=""_blank"">こちら</a>をご覧ください。"
映画「空っ風」、東京追加上映決定しました！,2012-01-24,"大阪・千里ニュータウンの建替え問題を取材したドキュメンタリー映画、「空っ風」（からっかぜ）、2012年1月30日（月）20:00～、新宿の<a href=""http://cafelavanderia.blogspot.com/"" target=""_blank"">カフェ☆ラヴァンデリア</a>にて追加上映されることになりました！　中村葉子監督も来場します。但、「シネマdeねこちゃん」というイベント枠のため、猫が苦手、もしくは猫アレルギーなど体質的に厳しい方はその点ご留意ください。主催：シネマdeねこちゃん（入場無料、ワンドリンクオーダー制、監督へのカンパ歓迎）<br/> ※イベント内容に変更が入る可能性があります。直接会場へお問い合わせください。"
カフェ放送てれれ1&2月号、「路地と人」で上映されます！,2012-01-13,"大阪で下之坊修子さんが主催するインディペンデントなメディアセンター「てれれ」。その定期上映会「カフェ放送てれれ」の1&2月号が2012年1月21日（土）、東京・千代田区の「路地と人」で行われます。当日は、山形ドキュメンタリー映画祭で下之坊さんとともに制作したビデオも上映。詳しくは<a href=""http://www.petiteadventurefilms.com/screenings.php"" target=""_blank"">こちら</a>をご覧ください。"
映画「空っ風」、東京初上映＆監督来場します！,2012-01-11,"大阪・千里ニュータウンの建替え問題を取材したドキュメンタリー映画、「空っ風」（からっかぜ）を、2012年1月29日（日）、日野市中央公民館・高幡台分室にて上映します。東京では初めての上映、さらに当日は大阪より監督の中村葉子さんも来場されます。詳しくは<a href=""http://www.petiteadventurefilms.com/screenings.php"" target=""_blank"">こちら</a>をご覧ください。<br/> ※急遽上映会を中止し、中村葉子監督の講演会に変更になりました。申し訳ございません。"
「Cat Foreheads & Rabbit Hutches」に「さようならUR」が掲載されました！,2012-01-03,"「Cat Foreheads & Rabbit Hutches」に、「さようならUR」の英語でのレビューが掲載されています。記事は<a href=""http://catforehead.wordpress.com/2012/01/02/put-out/"" target=""_blank"">こちら</a>よりご覧いただけます。"
,2012-01-01,
,2012-01-01,
,2012-01-01,
CS朝日ニュースター「ContAct」にゲスト出演しました！,2011-12-30,"2011年12月29日（木）夜11時15分より放送の、CS朝日ニュースターの番組「ContAct」にゲスト出演しました。番組のアーカイブ録画は<a href=""http://youtu.be/j9zW6GJUryo"" target=""_blank"">こちら</a>よりご覧いただけます。"
「ブライアンと仲間たち」、反原発・年越しOccupy@経産省前テントで上映します！,2011-12-28,"「ブライアンと仲間たち」、2011年12月30日（金）、東京・霞ヶ関の経済産業省前で奮闘する反原発テントにて上映されます。「反原発・年越しOccupy@経産省前テント～こんなんじゃ、よい年迎えらんない99%のための祭り～」として、オールナイトで原発、占拠、労働etcに関する7本の映画が上映されます。このままで年越しなんてできない！という方はぜひ！　詳しくは<a href=""http://www.petiteadventurefilms.com/screenings.php"" target=""_blank"">こちら</a>をご覧ください。"
「さようならUR」、新宿区大久保地域センターで上映します！,2011-12-23,"「さようならUR」、2012年2月18日（土）、新宿区大久保地域センターにて上映されます。映画は、「賃貸住宅からの追い出しにノーを　UR住宅団地で起こっていること～高幡台団地73号棟存続のたたかい連帯集会～」イベント内で上映されます。映画上映の後、監督挨拶、自由法曹団弁護士による講演「借地借家法と住まいの権利」、弁護団・住民の会による報告などが予定されています。詳しくは<a href=""http://www.petiteadventurefilms.com/screenings.php"" target=""_blank"">こちら</a> をご覧ください。"
「さようならUR」、築地社会教育会館で上映します！,2011-12-13,"「さようならUR」、2012年1月23日（月）、築地社会教育会館・視聴覚室にて上映されます。上映後は監督との質疑応答もあります。詳しくは<a href=""http://www.petiteadventurefilms.com/screenings.php"" target=""_blank"">こちら</a>をご覧ください。"
「さようならUR」、小金井市公民館本館で上映します！,2011-12-05,"「さようならUR」、2011年12月23日（金・祝）、小金井市公民館本館・視聴覚室にて上映されます。上映後は監督との質疑応答もあります。詳しくは<a href=""http://www.petiteadventurefilms.com/screenings.php"" target=""_blank"">こちら</a>をご覧ください。"
山形新聞に記事が掲載されました！,2011-11-28,"山形国際ドキュメンタリー映画祭を、来場監督、審査員、学生など様々な立場から振り返るという山形新聞の企画で、11月21日付けの山形新聞で私の記事が掲載されました。記事全文は<a href=""http://brianandco.cocolog-nifty.com/blog/2011/11/jp-0d41.html"" target=""_blank"">こちら</a>よりご覧いただけます。"
「さようならUR」上映＆ワークショップ、「安房・今、ここから未来へフォーラム」で開催されます！,2011-11-24,"「安房・今、ここから未来へフォーラム」（12月10日＆11日の2日間開催）の、フォーラム1として、「さようならUR」映画の上映＋トークとワークショップの、合計4時間のスペシャル・イベントが開催されます。フォーラムではその他にも面白い企画が目白押し。ぜひいらしてくださいね。詳しくは<a href=""http://www.petiteadventurefilms.com/screenings.php"" target=""_blank"">こちら</a>をご覧ください。"
「さようならUR」、ヒロシマ平和映画祭2011で上映します！,2011-11-23,"「さようならUR」、2011年12月11日（日）、ヒロシマ平和映画祭2011クロージング「女が撮る～序章」プログラムにて、横川シネマで上映されます。上映当日は監督による舞台挨拶もあります。詳しくは<a href=""http://www.petiteadventurefilms.com/screenings.php"" target=""_blank"">こちら</a>をご覧ください。"
「さようならUR」、東京・品川区で上映します！,2011-11-07,"「さようならUR」、2011年11月19日（土）14:00より、東京・品川区の「品川第2区民センター」にて上映します。上映後には監督による質疑応答もあります。詳しくは<a href=""http://www.petiteadventurefilms.com/screenings.php"" target=""_blank"">こちら</a>をご覧ください。"
「さようならUR」、東京・日野市で上映します！,2011-10-22,"「さようならUR」、2011年11月27日（日）14:00より、東京・日野市の「中央公民館高幡台分室」にて上映します。上映後には監督による質疑応答もあります。詳しくは<a href=""http://www.petiteadventurefilms.com/screenings.php"" target=""_blank"">こちら</a>をご覧ください。"
シネマトゥデイに「さようならUR」が掲載されました！,2011-10-18,"シネマトゥデイに、「さようならUR」が山形国際ドキュメンタリー映画祭で上映された際の記事が掲載されています。記事は<a href=""http://www.cinematoday.jp/page/N0036229"" target=""_blank"">こちら</a> よりご覧いただけます。"
ぴあ映画生活に「さようならUR」が掲載されました！,2011-10-18,"ぴあ映画生活に、「さようならUR」の紹介と、監督インタビューが掲載されています。記事は<a href=""http://cinema.pia.co.jp/news/157761/43994/"" target=""_blank"">こちら</a>よりご覧いただけます。"
「さようならUR」、山形国際ドキュメンタリー映画祭にて第1回「スカパー！IDEHA賞」を受賞しました！,2011-10-14,"山形国際ドキュメンタリー映画祭で今回初めて創設された、「スカパー！IDEHA賞」を受賞しました。この賞は、スカパーJSAT株式会社がドキュメンタリー映画作家の育成を支援し、新作の制作を奨励する賞で、インターナショナル・コンペティション、アジア千波万波、ニュー・ドックス・ジャパンの各プログラムで上映される日本映画の監督が対象となっています。「さようならUR」の制作にかかわってくださった全ての皆さまに、この場を借りてお礼を申し上げます。どうもありがとうございました！！ 受賞作品一覧は<a href=""http://www.yidff.jp/2011/2011.html#award"" target=""_blank"">こちら</a>からご覧いただけます。"
「さようならUR」、千葉・習志野市で上映します！,2011-10-14,"「さようならUR」、2011年11月5日（土）13:30より、千葉・習志野市の「サンロード津田沼」（京成津田沼駅直結の駅ビル）にて上映します。上映後には監督による質疑応答もあります。詳しくは<a href=""http://www.petiteadventurefilms.com/screenings.php"" target=""_blank"">こちら</a>をご覧ください。"
「さようならUR」、山形・鶴岡市で上映します！,2011-10-14,"「さようならUR」、2011年11月12日（土）14:00より、山形・鶴岡市の「鶴岡協同の家こぴあ」にて上映します。上映後には監督による質疑応答もあります。詳しくは<a href=""http://www.petiteadventurefilms.com/screenings.php"" target=""_blank"">こちら</a>をご覧ください。"
「さようならUR」、山形国際ドキュメンタリー映画祭で上映されます！,2011-09-12,"山形国際ドキュメンタリー映画祭（山形市）にて、「さようならUR」が上映されます。日本の新作ドキュメンタリーを紹介する「New Docs Japan」プログラムに選ばれました。上映日は2011年10月11日（火）午後5時10分から。英語字幕つきで上映されます。上映の後は、監督トークもあります。映画祭に行こうと計画されている方、もしくは山形近郊にお住まいの方は、ぜひいらしてくださいね！　詳しくは<a href=""http://www.petiteadventurefilms.com/screenings.php"" target=""_blank"">こちら</a>をご覧ください。"
「住まいるチャンネル」仙台生放送やります！,2011-08-29,"私も参加している、住まいの貧困に取り組むネットワークのインターネットTV番組「住まいるチャンネル」の第2弾を、被災地仙台から生放送でお届けします！　放送日は2011年9月30日（金）18:00～19:45まで。視聴URLは<a href=""http://ustream.tv/channel/smichan"" target=""_blank"">こちら</a>です。放送内容（予定）について詳しくは<a href=""http://brianandco.cocolog-nifty.com/blog/2011/08/jp-76ee.html"" target=""_blank"">ブログ</a>をご覧ください。"
初の二本立て上映＋イギリス・スカイプ中継やります！,2011-08-26,"2011年10月2日（日）、武蔵野公会堂にて、「さようならUR」と、「ブライアンと仲間たち」の二本立て上映をします。どちらかのみの参加も可能です。「ブライアンと仲間たち」上映後には、ブライアン追悼特別企画として、イギリスより出演者とのスカイプ中継も予定しています。「ブライアン～」は既に観たという方も、またとない機会ですので、ぜひいらしてください。詳しくは<a href=""http://www.petiteadventurefilms.com/screenings.php"" target=""_blank"">こちら</a>をご覧ください。"
「さようならUR」、Shintoku空想の森映画祭にて上映します！,2011-08-22,"第16回Shintoku空想の森映画祭（北海道）にて、「さようならUR」が上映されます。上映日は2011年9月17日（土）午後1時半から。上映の後は、監督トークもあります。映画、ライブ、パーティーと盛りだくさんで濃密な3日間。旅気分で毎年遠方から参加される人も多いとか。ぜひいらしてくださいね！詳しくは<a href=""http://www.petiteadventurefilms.com/screenings.php"" target=""_blank"">こちら</a>をご覧ください。"
「さようならUR」、日野市上映会日程の変更,2011-08-16,先日発表した、9月27日（火）午後2時からの日野市中央公民館高幡台分室の上映会ですが、上映日程が9月28日（水）午後2時からに変更となりました。申し訳ございません。会場は同じです。
「さようならUR」、横浜市UR本社そばで上映します！,2011-08-14,"「さようならUR」、2011年9月11日（日）19:00より、UR本社のすぐそばの、建替え対象となっている「海岸通団地」集会所にて上映します。映画の後は、海岸通団地の建替え問題など語り合う予定です。横浜方面にお住まいの方はぜひ！　詳細は<a href=""http://www.petiteadventurefilms.com/screenings.php"" target=""_blank"">こちら</a>をご覧ください。"
「さようならUR」、東京・日野市にて上映します！,2011-08-11,"「さようならUR」、2011年9月27日（火）14:00より、東京・日野市の「日野市中央公民館高幡台分室」（旧高幡台小学校）にて上映します。上映後には監督による質疑応答もあります。詳しくは<a href=""http://www.petiteadventurefilms.com/screenings.php"" target=""_blank"">こちら</a>をご覧ください。<br/>※日程が9月28日（水）に変更となりました！　既に予定してくださった皆さま申し訳ありません！！"
あいち国際女性映画祭、トークサロンに出演します！,2011-08-11,"2011年9月8日（木）16:30～18:00、山上千恵子監督とともに映画について語る、トークサロンに出演します。司会はあいち国際女性映画祭イベントディレクターの加藤和己さん。入場無料、定員は40名です。ぜひいらしてください！　詳しくは<a href=""http://www.petiteadventurefilms.com/screenings.php"" target=""_blank"">こちら</a>をご覧ください。"
名古屋にて「映像とトーク」イベントを開催します！,2011-08-01,"2011年9月10日（土）午後1時半より、名古屋市北生涯学習センターにて、映像とトークのイベントを行います。ブライアンのこと、新作のこと、大震災の被災地での取材のことなど、映像も交えながらお話し、皆さんと交流するイベントです。ぜひご参加ください！　主催はあいち平和映画祭です。詳しくは<a href=""http://www.petiteadventurefilms.com/screenings.php"" target=""_blank"">こちら</a>をご覧ください。（※映画本編の上映会ではありません）"
「さようならUR」、東京・高円寺にて上映します！,2011-07-29,"「さようならUR」、2011年8月28日（日）19:00より、東京・高円寺の「素人の乱12号店」にて上映します。主催は山口静子さん(女性と貧困ネットワーク）です。詳しくは<a href=""http://www.petiteadventurefilms.com/screenings.php"" target=""_blank"">こちら</a>をご覧ください。"
日本ジャーナリスト会議、「ブライアンと仲間たち」追悼上映会決定しました！,2011-07-22,"6月18日に亡くなったブライアンの追悼として、日本ジャーナリスト会議(JCJ)主催で「ブライアンと仲間たち」の上映会が開催されます。会場は、東京都中央区の「築地社会教育会館」です。上映のあとには、監督によるトークもあります。ブライアンの死後、日本で初めての追悼上映会。ぜひたくさんの方に来ていただければと思います。詳しくは<a href=""http://www.petiteadventurefilms.com/screenings.php"" target=""_blank"">こちら</a>をご覧ください。"
「さようならUR」、藤沢市にて上映します！,2011-07-13,"「さようならUR」、2011年8月10日に藤沢市労働会館にて上映します。上映後には監督による質疑応答もあります。詳しくは<a href=""http://www.petiteadventurefilms.com/screenings.php"" target=""_blank"">こちら</a>をご覧ください。"
「さようならUR」、あいち国際女性映画祭にて上映します！,2011-07-09,"あいち国際女性映画祭2011にて、「さようならUR」が上映されます。上映日は2011年9月9日（金）午後2時から。上映の後は、監督トークもあります。中部方面の方はぜひ観にいらしてくださいね！　詳しくは<a href=""http://www.petiteadventurefilms.com/screenings.php"" target=""_blank"">こちら</a>をご覧ください。"
ブライアンと仲間たち、ウィスコンシン州で上映します！,2011-07-09,"「ブライアンと仲間たち」、先日のアメリカ初上映に続き、7月14日Bastille Day（フランス革命の記念日）イベントとして、ウィスコンシン州・マジソンで上映されます。詳しくは<a href=""http://www.petiteadventurefilms.com/screenings.php"" target=""_blank"">こちら</a>をご覧ください。"
ブライアンと仲間たち、アメリカ初上映！,2011-07-05,"先日亡くなったブライアンの追悼上映会が、7月6日アメリカ・シカゴで行われます。以前から上映会の打診をもらっていましたが、残念ながら追悼上映という形での実現となってしまったものの、アメリカでは初めての上映です。もしシカゴ近辺にお知り合いがいましたら、ぜひお誘いください。詳しくは<a href=""http://www.petiteadventurefilms.com/screenings.php"" target=""_blank"">こちら</a>をご覧ください。"
「さようならUR」、日野市生活・保健センターにて上映します！,2011-06-26,"「さようならUR」、2011年7月30日（土）14:00より、日野市生活・保健センターにて上映します。詳しくは<a href=""http://www.petiteadventurefilms.com/screenings.php"" target=""_blank"">こちら</a>をご覧ください。 ※一部チラシで「7月2日（土）日野市生活・保健センター上映」となっているものがありましたが、7月30日（土）に再設定されました。ご注意ください。"
高幡台団地73号棟住民の皆さんの、次回裁判は7月12日（火）です！,2011-06-26,高幡台団地73号棟の住民の皆さんが、大家であるURに立ち退き訴訟を起こされている裁判の、次回公判が7月12日（火）13:10より、立川地裁であります。裁判についてのお問い合わせは、住民の会・村田さんまで。（メール：takahatadai73@gmail.com ）
「さようならUR」、from Earth Cafe OHANAにて上映します！,2011-06-23,"「さようならUR」、2011年6月25日（土）19:00より、東京・三軒茶屋の「from Earth Cafe OHANA」にて上映します。主催は「にっしぃ劇場」です！ 店内では、おいしいオーガニックの食事やドリンクもご注文いただけます。詳しくは<a href=""http://www.petiteadventurefilms.com/screenings.php"" target=""_blank"">こちら</a>をご覧ください。"
R.I.P. Brian Haw,2011-06-19,"On the 18th June 2011 it was sadly announced that Brian Haw had died after a long battle against cancer. Brian stared in my first documentary film, ""Brian & Co. Parliament Square SW1"". I learnt a lot about Brian while making the film, his dedication to end war and bring peace to the world was unbreakable. I was also privileged to witness Brian's amazing sense of humour, after all of the years he spent sleeping in Parliament Square, he was still able to make us laugh with his stories and observational humour. He will be deeply missed - R.I.P. Brian Haw."
ブライアン・ホウさん永眠,2011-06-19,2011年6月18日、肺がんを患っていたブライアン・ホウさんが永眠されました。彼は、私の初めてのドキュメンタリー映画「ブライアンと仲間たち パーラメント・スクエアSW1」の主人公でもありました。撮影を通じ、彼の命がけで平和を希求する姿勢から、多くのことを学びました。同時に、彼は類まれなるユーモアのセンスの持ち主でもありました。厳しいパーラメント・スクエアでのテント生活にもかかわらず、私たちを笑わせ、楽しませてもくれたのです。偉大なる人物を失いました。心よりお悔やみを申し上げます。早川由美子
「さようならUR」、自由と生存の家にて上映します！,2011-05-09,"「さようならUR」、2011年6月12日（日）14:00より、東京・新宿の「自由と生存の家」にて上映します。当日、同会場では有機・減農薬野菜直売会も開催されます（10時～16時30分）。詳しくは<br/><a href=""http://www.petiteadventurefilms.com/screenings.php"">こちら</a> をご覧ください。"
「さようならUR」、ついに完成披露上映会！,2011-04-18,"去る3月21日に、都内にて初上映をしましたが、その後さらなる編集を加え、完成披露上映会を行うことが決定しました。2011年5月26日（木）夜7時から、東京・飯田橋にて。主催はVIDEO ACT!さんです。当日は監督トーク＆ディスカッションもあります。詳しくは<a href=""http://www.petiteadventurefilms.com/screenings.php"">こちら</a>をご覧ください。"
「さようならUR」プレミア上映、詳細決定！,2011-03-03,"「さようならUR」、初上映会の詳細が決定しました。2011年3月21日（月・祝）10:30～、会場は戸塚地域センター（東京・高田馬場）。 住まいの貧困に取り組むネットワークの２周年記念イベントの中で上映します。当日は監督・出演者による舞台挨拶もありますので、 ぜひいらしてくださいね！　詳しくは <a href=""http://www.petiteadventurefilms.com/screenings.php"">こちら</a> をご覧ください。"
Petite Adventure Films、ウェブサイト開設しました！,2011-02-28,Petite Adventure Filmsのウェブサイトをオープンしました。新作「さようならUR」の最新情報等、随時更新していきます。 どうぞよろしくお願いします！