2016年8月6日,2016,201608,経産省前テントひろば・反原発美術館,2015-12-01,経産省前テントひろば・反原発美術館,東京都千代田区霞が関1-3-1<br/> 最寄駅：東京メトロ「霞が関」駅A12a出口、銀座線「虎ノ門」駅7番出口,13:00～,無料,※経産省前テントひろば・反原発美術館イベント。A3BC：反戦・反核・版画コレクティブによる版画ワークショップ。<br/> ※1945年8月6日＝殺戮目的で初めて原子爆弾が投下された日<br/> ※主催：原発いらない女たちのテントひろば～福島とともに<br/> コーディネーター：早川由美子（映画監督）<br/> ※お問い合わせ<br/> メール：petiteadventurefilms@gmail.com（早川）<br/> 電話：070-6473-1947（経産省前テントひろば）<br/>
2016年3月12日,2016,201603,経産省前テントひろば・反原発美術館,2015-12-01,経産省前テントひろば・反原発美術館,東京都千代田区霞が関1-3-1<br/> 最寄駅：東京メトロ「霞が関」駅A12a出口、銀座線「虎ノ門」駅7番出口,13:00～,無料,※経産省前テントひろば・反原発美術館イベント。A3BC：反戦・反核・版画コレクティブによる版画ワークショップ。<br/> ※2011年3月12日＝福島第一原子力発電所の1号機爆発の日<br/> ※主催：原発いらない女たちのテントひろば～福島とともに<br/> コーディネーター：早川由美子（映画監督）<br/> ※お問い合わせ<br/> メール：petiteadventurefilms@gmail.com（早川）<br/> 電話：070-6473-1947（経産省前テントひろば）
2016年2月18日,2016,201602,東京・飯田橋,2016-01-11,東京しごとセンター5階セミナー室,"東京都千代田区飯田橋3丁目10番3号<a href=""http://www.tokyoshigoto.jp/shisetsu.php?page_id=150"" target=""_blank"">[地図]</a><br/> 最寄駅：<br/> 飯田橋駅から<br/> JR中央・総武線「東口」より徒歩7分<br/> 都営地下鉄大江戸線・東京メトロ有楽町線・南北線「A2出口」より徒歩7分<br/> 東京メトロ東西線「A5出口」より徒歩3分<br/> <br/> 水道橋駅から<br/> JR中央・総武線「西口」より徒歩5分<br/> <br/> 九段下駅から<br/> 東京メトロ東西線「7番出口」より徒歩8分<br/> 東京メトロ半蔵門線・都営地下鉄新宿線「3番出口」より徒歩10分",18:30～開場、19:00～開演（終了21:00ごろ）,"1,000円（予約不要）",※「居候のドキュメンタリストに聞く」というテーマで、映像もご紹介しながら、約1時間半講演をします。<br/> ※主催：みみの会<br/> ※講演の後に懇親会もあります（希望者のみ。参加費用別途）
2015年12月19日,2015,201512,経産省前テントひろば・反原発美術館,2015-12-01,経産省前テントひろば・反原発美術館,東京都千代田区霞が関1-3-1<br/> 最寄駅：東京メトロ「霞が関」駅A12a出口、銀座線「虎ノ門」駅7番出口,13:00～,無料,※経産省前テントひろば・反原発美術館イベント。A3BC：反戦・反核・版画コレクティブによる版画ワークショップ。<br/> ※1955年12月19日＝原子力基本法公布の日<br/> ※主催：原発いらない女たちのテントひろば～福島とともに<br/> コーディネーター：早川由美子（映画監督）<br/> ※お問い合わせ<br/> メール：petiteadventurefilms@gmail.com（早川）<br/> 電話：070-6473-1947（経産省前テントひろば）
2015年12月12日,2015,201512,経産省前テントひろば・反原発美術館,2015-12-01,経産省前テントひろば・反原発美術館,東京都千代田区霞が関1-3-1<br/> 最寄駅：東京メトロ「霞が関」駅A12a出口、銀座線「虎ノ門」駅7番出口,18:00～（上映後にイギリス反戦運動とスカイプディスカッション）,無料,※映画『ブライアンと仲間たち』上映。<br/> ※上映後、映画に登場する、イギリス国会前で座り込み反戦運動を続ける人々と、スカイプでつなぎ、ディスカッションを予定（通訳あり）。<br/> ※現地の電波状況などにより、スカイプ通信がうまく行われない場合は、電話による通信及び監督トークに切り替えます。<br/> ※主催：原発いらない女たちのテントひろば～福島とともに<br/> ※お問い合わせ<br/> メール：petiteadventurefilms@gmail.com（早川）<br/> 電話：070-6473-1947（経産省前テントひろば）
2015年12月5日,2015,201512,経産省前テントひろば・反原発美術館,2015-12-01,経産省前テントひろば・反原発美術館,東京都千代田区霞が関1-3-1<br/> 最寄駅：東京メトロ「霞が関」駅A12a出口、銀座線「虎ノ門」駅7番出口,10:00～日没ごろ作品完成予定<br/> 作品完成後、両作家を囲んでギャラリートークを開催,無料,※経産省前テントひろば・反原発美術館、オープニング・イベント<br/> ※井上ヤスミチさん、長谷川直美さんによる、ライブ・ペインティング。<br/> ※ライブ・ペインティングは朝10時開始。日没ごろ作品完成予定。公開制作ですので、見学歓迎です。作品完成後は、両作家を囲んでギャラリートークを開催します。<br/> ※主催：原発いらない女たちのテントひろば～福島とともに<br/> コーディネーター：早川由美子（映画監督）<br/> ※お問い合わせ<br/> メール：petiteadventurefilms@gmail.com（早川）<br/> 電話：070-6473-1947（経産省前テントひろば）
2015年11月29日,2015,201511,三鷹いのちと平和映画祭,2015-10-28,癒しと創造のスペース 沙羅舎,"三鷹市下連雀3-1-24<br/> JR中央線･総武線「三鷹駅」南口徒歩6分 <a href=""http://www.sarasya.com/pg38.html"" target=""_blank"">[地図]</a>",①10:00～12:05　『うまれる ずっと、いっしょ。』<br/> ②12:05～13:15　お昼休憩<br/> ③13:15～13:40　『FOUR YEARS ON』（あれから4年）<br/> ④13:40～14:20　早川監督を囲んで<br/> ⑤14:35～16:35　『小さき声のカノン - 選択する人々』<br/> ⑥16:50～17:50　小さき声のカノン製作スタッフを囲んで<br/> ⑦17:50～18:00　閉会（18:00～懇親会）,"①11月29日券 = 前売り･割引対象者2,000円、当日2,500円<br/> ②2日間（11/28＆11/29通し券）前売りのみ2,500円<br/> ③11月28日券 = 前売り･割引対象者2,000円、当日2,500円<br/> ※いずれも高校生以下無料（障がい者の介助者も無料）<br/> ※割引対象者 = 大学生、障がい者、65歳以上、東日本大震災の避難者、やさい村会員（対象者の方は、当日証明書、もしくはそれに類似するものを受付でご提示ください）","※『FOUR YEARS ON』（あれから4年）が上映されます。<br/> ※上映のあと、監督トークがあります。<br/> ※映画祭のプログラム終了後、29日18:00～、同会場にて懇親会があります（事前予約制。先着20名）<br/> ※主催：三鷹いのちと平和映画祭<br/> ※映画祭の他の上映作品や、チケットのお申し込み方法など、詳細は<a href=""http://www.mitakaff.com/dai7kaieigasyousai.html"" target=""_blank"">映画祭ホームページ</a>をご覧ください。"
2015年11月22日,2015,201511,SCATセミナールーム毛呂分室,2015-09-04,SCATセミナールーム毛呂分室,埼玉県入間郡毛呂山町岩井14<br/> 池袋駅で東武東上線（急行または快速）乗車、坂戸駅で東武越生線乗換、武州長瀬駅下車（池袋駅から65分）徒歩約17分。またはタクシー（南口タクシー乗場）約8分。,13:30～17:30（午前10:00よりオープンしています）<br/> ①講演＆討論 （A室）13:30～15:00<br/>　 「今、海外派兵は何故必要か、原発再開は何故必要か」<br/> ②映画上映と監督トーク（A室）15:20～17:30<br/> 『ブライアンと仲間たち』上映＆早川由美子監督トーク<br/> ③映画上映とゲストトーク（C室）15:20～16:30<br/> 『戦争案内』上映＆島袋陽子さん（東京琉球館）トーク,プレオープン記念により入場無料！,※SCATセミナールーム20周年記念、毛呂分室プレオープンイベントとして上映されます。<br/> ※主催・問い合わせ：SCATセミナールーム運営委員会<br/> （携帯 080-5499-8909　金野さん）
2015年10月25日,2015,201510,東京･神楽坂,2015-10-06,SCATセミナールーム,新宿区天神町63 神楽坂メゾンビル2F<br/> （1Fは黒い壁の茶房。長崎チャンポンから4軒目）<br/> 最寄り駅：神楽坂駅矢来口改札より徒歩3分,13:30～第1部＝開場<br/> 14:00～『Four Years On』(あれから4年)上映<br/> 14:25～『木田さんと原発、そして日本』上映<br/> 15:30～木田節子さん×早川由美子監督トーク<br/> 17:00～第2部＝解説とお話：乱鬼龍さん(川柳作家)<br/> 17:30～『川柳人鶴彬　今に伝わるメッセージ』上映<br/> 18:30～交流会(「Loca☆Kitchen」提供のお料理を頂きながら交流)<br/> ～20:00 終了予定,"昼の部＝参加費1,000円 (定員30名・要予約)<br/> 夜の部＝参加費　無料 (定員30名)<br/> 交流会＝1,000円 (料理＆飲み物・要予約)",※主催: 詩と朗読「たきび」の会<br/> ※会場・料理準備の都合上、事前予約制です(10/23まで)<br/> ※予約申込方法:メールの件名に「10/25上映会申し込み」と明記し、お名前、参加人数、参加を希望する部(昼の部・交流会など)を書き、10月23日(金)までにお申し込みください。折り返し返事をいたします。<br/> ※予約申し込み先: takibinokai_poem@yahoo.co.jp (わかち)<br/> ※問い合わせ: 090-3067-5417(大島)/080-4146-3404(早川)
2015年8月22日,2015,201508,男女共同参画推進フォーラム,2015-08-06,NWEC（国立女性教育会館）,"埼玉県比企郡嵐山町菅谷 728<br/> 研修棟 110 号室<br/> 最寄り駅：東武東上線武蔵嵐山駅徒歩12分<a href=""http://www.nwec.jp/jp/about/access.html"" target=""_blank"">[地図]</a>",10:00～12:00（開場9:45）,資料代300円,"※「男女共同参画推進フォーラム」にて、「メディアと格闘するアーキビストたち～実践と報告より」と題したメディア･ワークショップで講演をします。詳細は<a href=""http://brianandco.cocolog-nifty.com/blog/2015/08/jp-4dde.html"" target=""_blank"">こちら</a>をご覧ください。<br/> ※主催：NWECアーキビストの会<br/> ※お問い合わせ：emanatnob@gmail.com （へいじょうさん）"
2015年8月16日,2015,201508,韓国ドキュメンタリー映画祭,2015-08-06,スキャット･セミナー･ルーム,新宿区天神町63 神楽坂メゾンビル2F<br/> （1Fは黒い壁の茶房。長崎チャンポンから4軒目）<br/> 最寄り駅：神楽坂駅矢来口改札より徒歩3分,16:30～ 開場<br/> 17:00～ 『Nogada』上映（日本語字幕つき）89分<br/> 18:30～ トーク（通訳つき）+休憩<br/> 19:00～ 『Halmakkot』上映（日本語字幕つき）89分<br/> 20:30～ トーク（通訳つき）+休憩<br/> 21:00～ 交流会<br/> 22:30 終了予定,学生・非正規労働者・無職＝500円<br/> 一般＝1000円<br/> 頂いた参加費は、現在日韓で新作制作中の、両監督へのカンパとさせていただきます！<br/> ※交流会参加は別途参加費,"※韓国ドキュメンタリー映画祭<br/> ※韓国ドキュメンタリー界を代表する、二人の監督の作品を上映＆監督来場！<br/> ※作品詳細＆監督プロフィールなどは<a href=""http://brianandco.cocolog-nifty.com/blog/2015/08/jp-816-ee86.html"" target=""_blank"">こちら</a>をご覧ください。<br/> ※主催：渡辺美樹、早川由美子"
2015年7月30日,2015,201507,熊本・上益城郡,2015-07-27,益城エリムキリスト教会,熊本県上益城郡益城町古閑540-1,13:00～,無料,主催：くまもと障害者9条の会
2015年7月12日,2015,201507,Four Years ON上映＠福岡アジア映画祭,2015-06-16,アンスティチュ・フランセ九州（旧九州日仏学館）,"福岡市中央区大名2-12-6 アンスティチュ・フランセ九州（旧九州日仏学館）5Fホール [ <a href=""http://www.institutfrancais.jp/kyushu/about/contact/"" target=""_blank"">地図</a> ]<br/> 最寄り駅：地下鉄赤坂駅3番出口そば<br/>",17:00～,"＜前売＞<br/> 1作品券 = 1,400円<br/> 5作品券 = 6,000円<br/> 10作品券 = 10,000円<br/>　　　　　　 　　　　　　 ＜当日＞<br/> 一般 = 1,800円<br/> 大学・中高・シニア60才以上 = 1,000円","※上映作品『Four Years On（あれから4年）』<br/> ※『Oh Lucy!』、『なるしまフレンド』と一緒のプログラムで上映されます（3本立て♪）。<br/> ※主催：<a href=""http://asianfilm.tank.jp/"" target=""_blank"">福岡アジア映画祭</a>"
2015年4月12日,2015,201504,インド報告会@渋家！（東京・渋谷）,2015-03-17,渋家（東京・渋谷）,渋家（東京・渋谷）:事前にメールで参加予約をされた方にのみ、住所をお知らせします。,17:00～19:00,"一般1,000円、学生500円（軽食付き♪）",※インド報告会です！ インドの映画祭、最新社会事情、驚きの社会運動、その他アジア各国の映画監督事情などなど、沢山の写真と共にお話します！<br/> ※主催：渋家<br/> ※要事前申込：お名前、人数、一般か学生かを明記の上 shibuhouseimage@gmail.com までメールをお送りください。<br/> ※定員15名
2015年3月31日,2015,201503,最新作『FOUR YEARS ON』ネット公開,2015-02-23,"ネットにて公開！視聴は<a href=""http://youtu.be/FZIVBCxu7_w"" target=""_blank"">こちら</a>から。",--,--,--,"※最新作『FOUR YEARS ON』（あれから4年）を311にあわせネット公開いたしました。英語字幕つきです。映画の詳細は<a href=""http://brianandco.cocolog-nifty.com/blog/2015/03/jp-281_anti-nuk.html"" target=""_blank"">こちら</a>をご覧ください。"
2015年3月29日,2015,201503,インド報告会@dislocate！（東京・杉並）,2015-03-17,あなたの公差転（善福寺新町商店街和田ビル4F）,東京都杉並区善福寺4-1-1（新町商店街）<br/> 和田ビル4F,18:00～20:00,無料,"※インド報告会です！ インドの映画祭、最新社会事情、驚きの社会運動などなど、沢山の写真と共にお話します！<br/> ※主催：<a href=""http://dis-locate.net/0/"" target=""_blank"">dislocate</a>"
2015年3月15日,2015,201503,インド報告会！（東京・霞が関）,2015-03-14,経産省前テントひろば,東京都千代田区霞が関1-3-1 経産省前テントひろば<br/> 最寄り駅：東京メトロ「霞が関駅」A12a出口すぐ,17:00～,--,※インド報告会です！ インドの映画祭、最新社会事情、驚きの社会運動などなど、沢山の写真と共にお話します！ インドのお土産（お菓子）もあります！<br/> ※主催：経産省前テントひろば<br/>
2015年3月12日,2015,201503,HALBWERTSZEIT映画祭（スイス・チューリッヒ）,2015-01-21,"ROTE FABRIK, Zürich","Seestrasse 395, 8038 Zürich, Switzerland",17:30～,--,※HALBWERTSZEIT映画祭（スイス・チューリッヒ）<br/> ※『木田さんと原発、そして日本』のドイツ語字幕付版の上映。（英語字幕はついていません）
2015年3月11日,2015,201503,"Ireland, Dublin",2015-03-10,YAMAMORI SUSHI内TENGU,"TENGU, at rear of Yamamori Sushi, 38/39 Lower Ormond Quay, Dublin, Ireland",①2015年3月8日(日) 18:00～22:30(18:30〜オープニングイベント)<br/> ②2015年3月9日(月)〜11日(水) 17:30〜22:30,--,"※主催：「かける」プロジェクト実行委員会<br/> ※共催：TCD Japanese Society<br/> ※後援：在アイルランド日本大使館<br/> ※「かける」プロジェクト：東日本大震災、福島第一原子力発電所事故、復興へ向けた経緯、現在の被災地の様子を伝えるプロジェクト。映像や写真等により、被災当時の様子ならびに復興への進捗状況を視覚的に展示。<br/> ※早川由美子上映作品：<a href=""http://recorder311-e.smt.jp/movies/1740/"" target=""_blank"">宮城県仙台市若林区荒浜</a>"
2015年3月7日,2015,201503,東京・東久留米,2015-02-06,東久留米市男女平等推進センター・会議室,"東久留米市本町3-9-1-102 <a href=""http://www.city.higashikurume.lg.jp/kensaku/cityguide/map/honchou_2.htm"" target=""_blank"">[地図]</a>",15:30～17:30（イベント自体は13:30～17:30）,無料（先着24名、要予約）,※主催：東久留米市男女平等推進センター<br/> ※事前予約先：電話(042-472-0061)または直接、センターヘ申込み(火曜日休館)<br/> ※イベント名「『住まいのカタチ』から暮らし方を考える」<br/> ※第1部（13:30～15:00）講座「コレクティブハウスという住まい方」- 講師：宮前眞理子さん(NPOコレクティブハウジング社 共同代表理事)<br/> ※第2部（15:30～17:30）映画上映と監督対談「『乙女ハウス』が投げかける、これからの住まいのカタチ」- 映画上映『乙女ハウス』、監督と千野紀美子さん（乙女ハウス元オーナー）の対談<br/> ※2歳～未就学児の保育あり(定員5名)
2015年3月4日,2015,201503,第11回アジア女性映画祭（インド・ニューデリー）,2015-01-21,"India International Centre, New Delhi","40, Max Mueller Marg, New Delhi - 110003",16:30～,--,"※主催：<a href=""http://iawrtindia.blogspot.in/"" target=""_blank"">第11回アジア女性映画祭</a>（インド・ニューデリー）<br/> ※『踊る善福寺』（英語字幕付版）の上映。<br/> ※監督もインドに渡り、上映後質疑応答をします！！"
2015年2月20日,2015,201502,東京・霞が関,2015-02-17,経産省前テントひろば,東京都千代田区霞が関1-3-1 経産省前テントひろば<br/> 最寄り駅：東京メトロ「霞が関駅」A12a出口すぐ,①18:30ごろ～<br/> ②19:00過ぎ～<br/> ③20:00過ぎ～<br/>,無料,"※最新作『FOUR YEARS ON』プレミア上映！<br/> ※日本で今、最も過激なストリート・アーティスト「281_Anti nuke」を追ったドキュメンタリー。映画の詳細は<a href=""http://brianandco.cocolog-nifty.com/blog/2015/02/jp-four-years-o.html"" target=""_blank"">こちら</a>をご覧ください。"
2015年2月8日,2015,201502,リバ邸原宿～ドロップアウト（ラジオ）,2015-02-08,ソラトニワ原宿スタジオ,東京都渋谷区神宮前 3-25-18 THE SHARE 1F,18:00～19:00,--,"※白濱優子さんがパーソナリティーを務める、シェアハウスをテーマにしたラジオ番組「リバ邸原宿～ドロップアウト by Liverty シーズン2～」に出演します！　ご視聴は<a href=""https://www.soraxniwa.com/tickets/a7b72630"" target=""_blank"">こちら</a>から。"
2015年1月25日,2015,201501,第5回アムネスティ映画祭,2014-12-16,ヤクルトホール,"東京都港区東新橋1-1-19<br/> ヤクルト本社ビル<a href=""http://www.yakult.co.jp/hall/access/"" target=""_blank"">[地図]</a>",14:50～,"◆前売り券<br/> 2日通し券：3,700円（一般）、3,200円（学生）<br/> 1月24日券：2,500円（一般）、2,000円（学生）<br/> 1月25日券：2,500円（一般）、2,000円（学生）<br/> ◆当日券<br/> 2,700円（一般）、2,200円（学生）<br/> ※学生券の場合は、学生証の提示が必要。<br/> ※障害者手帳をお持ちの方は、本人と付き添い1名が半額になります。当日、受付にて手帳をご提示ください。","※第5回アムネスティ映画祭にて上映。<br/> 他の上映作品は<a href=""http://www.amnesty.or.jp/aff/"" target=""_blank"">こちら</a>をご覧ください。<br/> ※上映後14:50からは監督トークがあります。<br/> ※主催：アムネスティ・インターナショナル日本"
2014年12月21日,2014,201412,東京・豊島,2014-12-20,がんばれ子ども村,東京都豊島区雑司ケ谷3-12-9,18:00～,無料,"※主催：特定非営利活動法人<a href=""http://tenohasi.org/"" target=""_blank"">TENOHASI</a><br/> ※『乙女ハウス』と『ホームレスごっこ』の上映。<br/> ※上映後に監督トークがあります。<br/>"
2014年12月3日,2014,201412,東京・飯田橋,2014-10-12,東京ボランティア・市民活動センター,東京・飯田橋セントラルプラザ10階<br/> 東京都新宿区神楽河岸1-1<br/> JR中央線・地下鉄飯田橋駅下車 徒歩1分<br/> 会場電話：03-3235-1171,18:30開場、19:00開映,500円（介助者は無料・予約不要）,"※主催：<a href=""http://www.videoact.jp/index.html"" target=""_blank"">VIDEO ACT!</a><br/> ※第72回VIDEO ACT!上映会～「ホームレス」とは誰か～として上映。<br/> ※『ホームレスごっこ』の他、『VJU REPORT Vol.7 ジェントリフィケーション　虚飾の影の野宿者排除』（遠藤大輔監督、23分）、『「ホームレス」と出会う子どもたち』（飯田基晴監督、30分）も上映され、上映後には3監督によるトークとディスカッションがあります。"
2014年11月29日,2014,201411,"Bruxelles, Belgium",2014-10-12,"Cinema Nova <a href=""http://www.nova-cinema.org/"" target=""_blank"">[Website]</a>","Rue d'Arenberg 3, 1000 Bruxelles, Belgium","Screening from 21:00～, Skype Q&A with the director and Ms Kida from 22:10～",--,"※Will be screened as ""Cinema With Us"" programme.<br/> ※After the screening, Q&A session with the director Hayakawa and Ms Kida."
2014年11月29日,2014,201411,三鷹いのちと平和映画祭,2014-10-12,癒しと創造のスペース・沙羅舎,東京都三鷹市下連雀3-1-24<br/> 最寄り駅：JR中央線・総武線/東西線「三鷹駅」南口徒歩6分,13:27頃～,"前売り1,500円/当日2,000円<br/> 2日間（11/29&30）通し券（前売りのみ）3,000円","※主催：<a href=""http://www.mitakaff.com/"" target=""_blank"">三鷹いのちと平和映画祭</a><br/> ※上映後に監督トークがあります。"
2014年11月15日,2014,201411,東京・多摩市,2014-09-17,ダイニングバー・モンキーランド,多摩市豊ヶ丘1-11-1<br/> 最寄り駅：小田急・京王多摩センター駅東口から徒歩15分,1回目上映（トークなしで入替え）開場15:45/上映16:00～17:13<br/> 2回目上映（トークなしで入替え）開場17:45/上映18:00～19:13<br/> 懇親会/ゲスト：早川由美子 19:25～21:25,"上映会：1,500円または１ドリンク付き2,000円（各回入替15名）<br/> 懇親会：軽食付き2h飲み放題4,000円（10名）","※主催：たえのは！（多摩映画好き飲んで話そう会）<br/> ※3ケ月連続企画上映会「映画と話そう@TAMA」企画の一環として上映されます。（9月13日『山陽西小学校ロック教室』、10月11日『アヒルの子』)<br/> ※<a href=""http://taenoha.com/"" target=""_blank"">こちら</a>よりご予約ください。"
2014年11月15日,2014,201411,宮城・仙台,2014-10-12,せんだいメディアテーク6階ギャラリー4200,宮城県青葉区春日町2-1,開館時間：11:00～20:00,一般（大学生・専門学校生含む）100円<br/> 高校生以下無料<br/> （豊齢カード、障がい者手帳をお持ちの方は半額）,"※<a href=""http://www.smt.jp/projects/recalling/"" target=""_blank"">「記憶と想起　イメージの家を歩く」展</a>にて、2011年に仙台の被災地や仮設住宅で早川由美子が撮影した映像が上映されます。他の参加作家は<a href=""http://www.smt.jp/projects/recalling/2014/10/post-1.html"" target=""_blank"">こちら</a>をご覧ください。<br/> ※企画・主催：せんだいメディアテーク"
2014年10月22日,2014,201410,東京・杉並（高円寺）,2014-10-12,高円寺4th,"東京都杉並区高円寺南3-48-6 第八日東ビルB1 101 <a href=""http://fourthfloor.sub.jp/"" target=""_blank"">[地図]</a>",開場19:30～、開映20:00～,800円＋ワンドリンク・オーダー,"※「高円寺4th」の映画特集企画（10/21～25まで）として上映されます。<br/> ※『踊る善福寺』上映のほか、監督＆出演者による製作裏話トーク、シンガー・ソングライターの大杉雅一さんとベーシストのツムラヤキヨカズさんのライブ等、満載の企画です！<br/> ※主催：<a href=""http://fourthfloor.sub.jp/"" target=""_blank"">高円寺4th</a>"
2014年10月17日,2014,201410,東京・杉並,2014-10-12,かがやき亭,東京都杉並区西荻北4-4-4<br/> JR西荻窪駅徒歩約7分,18:30開場、19:00開始（終了予定20:30）,無料,"※イベント名『わたしと政治、ギャップを埋める！<br> ～現職区議会議員と徹底トーク～』<br/> ※現職の区議会議員お二人をお招きし、プライベートから政治の話までざっくばらんに対話することで、政治と私たちの""距離""を縮めようというイベントです。イベントについて詳しくは<a href=""http://brianandco.cocolog-nifty.com/blog/2014/09/jp-3c66.html"" target=""_blank"">こちら</a>をご覧ください。<br/> ※予約不要。杉並区外の方も参加出来ます。<br/> ※主催・お問合せ：<a href=""http://dis-locate.net/0/"" target=""_blank"">dislocate</a>"
2014年10月12日,2014,201410,東京･立川市,2014-08-05,自宅,駅徒歩５分,15:00～,"1,000円（１ドリンク付）",主催：未定
2014年10月10日,2014,201410,札幌国際短編映画祭（札幌）,2014-09-22,シアターキノ,"北海道札幌市中央区狸小路6丁目 南3条グランドビル2F<a href=""http://theaterkino.net/access.html"" target=""_blank"">[地図]</a><br/>",21:00～23:00,"前売り1,100円、当日1,300円<br/> 回数券やフリーパスなど、その他のチケットについては<a href=""http://sapporoshortfest.jp/14/ticket/"" target=""_blank"">こちら</a>をご覧ください。","※札幌国際短編映画祭オフシアター部門にて上映。<br/> ※主催：<a href=""http://sapporoshortfest.jp/14/"" target=""_blank"">札幌国際短編映画祭</a>"
2014年9月27日,2014,201409,東京・渋谷,2014-09-17,渋谷女性センター・アイリス,"東京都渋谷区桜丘町23-21 <a href=""http://www.shibu-cul.jp/access.html"" target=""_blank"">[地図]</a>",18:30～20:30,無料（カンパ歓迎）,※主催：映像女性学の会<br/> ※先着50名、予約不要。<br/> ※上映作品『踊る善福寺』＆『ホームレスごっこ』<br/> ※上映後に監督トークあり。
2014年9月15日,2014,201409,中篇映画祭（大阪）,2014-08-02,シネ･ヌーヴォX,"大阪市西区九条1-20-24 <a href=""http://www.cinenouveau.com/access/access.html"" target=""_blank"">[地図]</a>",①8月30日（土）17:30～<br/> ②9月3日（水）17:30～（19:00～『踊る善福寺』あり）<br/> ③9月11日（木）19:00～（17:30～『踊る善福寺』あり）<br/> ④9月13日（土）15:00～（☆舞台挨拶あり。16:30～『踊る善福寺』あり）<br/> ⑤9月14日（日）16:30～（☆舞台挨拶あり。18:00～『踊る善福寺』あり）<br/> ⑥9月15日（月･祝）18:00～（16:30～『踊る善福寺』あり）,"1プログラム券＝1,000円（25歳以下は500円）<br/> 3プログラム券＝2,400円<br/> 5プログラム券＝3,500円","※中篇映画祭2014のプログラムとして上映されます。<br/> ※中篇映画祭のプログラムは<a href=""http://www.cinenouveau.com/sakuhin/cyuhen/cyuhen.htm"" target=""_blank"">こちら</a>をご覧ください。<br/> ※映画祭期間中、監督舞台挨拶は9月13日（土）＆14日（日）の上映回を予定しています。"
2014年9月15日,2014,201409,中篇映画祭（大阪）,2014-08-02,シネ･ヌーヴォX,"大阪市西区九条1-20-24 <a href=""http://www.cinenouveau.com/access/access.html"" target=""_blank"">[地図]</a>",①8月31日（日）17:30～<br/> ②9月3日（水）19:00～（17:30～『乙女ハウス』あり）<br/> ③9月11日（木）17:30～（19:00～『乙女ハウス』あり）<br/> ④9月13日（土）16:30～（☆舞台挨拶あり。15:00～『乙女ハウス』あり）<br/> ⑤9月14日（日）18:00～（☆舞台挨拶あり。16:30～『乙女ハウス』あり）<br/> ⑥9月15日（月･祝）16:30～（18:00～『乙女ハウス』あり）<br/>,"1プログラム券＝1,000円（25歳以下は500円）<br/> 3プログラム券＝2,400円<br/> 5プログラム券＝3,500円<br/>","※『踊る善福寺』の上映です。<br/> ※中篇映画祭2014のプログラムとして上映されます。<br/> ※中篇映画祭のプログラムは<a href=""http://www.cinenouveau.com/sakuhin/cyuhen/cyuhen.htm"" target=""_blank"">こちら</a>をご覧ください。<br/> ※映画祭期間中、監督舞台挨拶は9月13日（土）＆14日（日）の上映回を予定しています。"
2014年9月14日,2014,201409,Split映画祭（クロアチア）,2014-08-23,Kinoteka Zlatna Vrata,"Dioklecianova 7, Split",17:00～,--,"※<a href=""http://www.splitfilmfestival.hr/index.php?option=com_content&view=article&id=970&Itemid=320&lang=en"" target=""_blank"">スプリット映画祭</a>（クロアチア）の短編コンペティション部門にて上映。"
2014年9月12日,2014,201409,「関西インディペンデント映画事情！」（大阪市）,2014-09-05,住み開き大阪511,"阪急梅田駅から徒歩10分、地下鉄中津駅から徒歩5分。詳しい行き方は<a href=""http://waon511.jimdo.com/access/"" target=""_blank"">こちら</a>をご覧ください。",19:30～オープン、20:00～スタート<br/> ※『ホームレスごっこ』上映もあり,無料（飲み物・食べ物差し入れ歓迎！　会場でも有料にて飲食を用意しております）,"※イベント名「関西のインディペンデント映画事情が知りたい！！ ～東京より早川由美子参ります～」と題して、関西でインディペンデント映画を作っている人、インディ映画をこよなく愛する人、映画を作ってみたいと思っている人などなどで集まるイベントです！　詳しくは<a href=""http://brianandco.cocolog-nifty.com/blog/2014/09/jp-912511-ea48.html"" target=""_blank"">こちら</a>をご覧ください。<br/> ※『ホームレスごっこ』上映もあります。"
2014年9月9日,2014,201409,岡山市,2014-08-23,やっち（space yatch）,"岡山市北区奉還町3-12-11<br/> 最寄り駅：岡山駅西口から徒歩10分<a href=""http://rojitokurashi.com/yatch/yatch.html"" target=""_blank"">[地図]</a><br/>",19:00～開場、20:00～開映＆トーク,500円＋1オーダー,"※主催：富田真史さん<br/> ※会場のやっち（space yatch）のサイト、イベントのページは<a href=""http://rojitokurashi.com/yatch/schedule.html"" target=""_blank"">こちら</a>です。<br/> ※上映の後にはトークもあります！"
2014年9月6日,2014,201409,DVD発売記念＆dislocate2014オープニングパーティー,2014-08-10,善福寺新町商店街,東京都杉並区善福寺4-1-1（新町商店街）<br/> 和田ビル4F<br/>,18:00～,500円（dislocate2014プロジェクトへの寄付）,"※『踊る善福寺/ホームレスごっこ』DVD発売記念と、dislocate2014のオープニング･パーティーを兼ねた上映です。<br/> ※主催：<a href=""http://dis-locate.net/0/"" target=""_blank"">dislocate</a>、早川由美子"
2014年8月29日,2014,201408,第1回りべるたん映画祭（東京）,2014-08-23,りべるたん別館（科学喫茶コペルニクス）,"<a href=""http://www.libertine-i.org/"" target=""_blank"">りべるたん本館</a>（東京都豊島区東池袋5-27-13）から徒歩すぐ<br/> 最寄り駅：JR大塚駅徒歩5分、東京メトロ有楽町線東池袋駅A4出口徒歩8分",14:30～開場、15:00～開映,500円,"※第1回りべるたん映画祭にて上映＆トーク<br/> ※主催：<a href=""http://www.libertine-i.org/"" target=""_blank"">共同運営実験スペース りべるたん</a><br/> ※その他の上映作品は、Chulayarnnon Siriphol監督『VHS～失われゆく水平線』（タイ・バンコク）、拓海福原監督『I Hate You』、松平耕一監督『にゃんにゃん党4部作』、江畠香希監督『カレが捕まっちゃった』、森政也監督<br/> ※映画祭終了後、20時より飲み会あり。"
2014年8月17日,2014,201408,東京・新宿,2014-08-15,Cafe Lavanderia,東京都新宿区新宿2-12-9 広洋舎ビル1F,18:00～,"無料（ドキュメンタリー映画<a href=""http://zone9documentary.com/"" target=""_blank"">『Zone9』</a>へのカンパ歓迎）",※ベトナム・ハノイのドキュメンタリー監督、Nguyen Anh Thuさんトーク＆上映イベント<br/> ※逐次通訳あり<br/> ※主催：早川由美子、若井真木子
2014年8月6日,2014,201408,東京･日野,2014-08-05,カフェ,日野駅５分,18:00～,500円,主催：
2014年6月28日,2014,201406,栃木・足利市,2014-04-28,足利市民プラザ小ホール,栃木県足利市朝倉町264番地,10:40～上映<br/> 11:30～監督講演　テーマ「女性映画監督として」,無料,主催：足利市、足利市女性団体連絡協議会<br/> 後援：足利市教育委員会、（社福）足利市社会福祉協議会、他<br/> お問い合わせ先：足利市人権・男女共同参画課<br/> 電話：0284-73-8080<br/> メール： danjyo@city.ashikaga.lg.jp
2014年6月14日,2014,201406,東京・板橋,2014-04-28,高島平地域センター（高島平区民館）1階会議室（第一洋室）,東京都板橋区高島平3丁目12番28号<br/> 最寄り駅：都営三田線「高島平」駅西口4分。高島平図書館の隣,14:00～開場、14:30～開映,500円,主催：高島平ドキュメンタリー映画を見る会<br/> 連絡先：山名さん yimpte@rc4.so-net.ne.jp
2014年6月14日,2014,201406,東京・板橋,2014-05-22,高島平地域センター（高島平区民館）,"東京都板橋区高島平3-12-28<br/> 高島平地域センター（高島平区民館）<br/> 1階会議室（第一洋室）<br/> 最寄り駅：都営三田線「高島平」駅西口徒歩3～4分<a href=""http://taste.reenta.jp/amusement/00000621_map.html"" target=""_blank"">[地図]</a>",14:00～開場、14:30～開映,500円,主催：「高島平ドキュメンタリー映画を見る会」<br/> お問合せ：山名さん 090 2148 3993
2014年6月4日,2014,201406,『ホームレスごっこ』 O!!iDO短編映画祭,2014-05-22,アップリンク,"東京都渋谷区宇田川町37-18 トツネビル1階<a href=""http://www.uplink.co.jp/info/map/"" target=""_blank"">[地図]</a>",19:00～開場、19:20～開映,"前売り（予約）：1,500円<br/> 当日：1,800円","※上映作品は『ホームレスごっこ』です。<br/> ※O!!iDO短編映画祭の、6月4日のプログラム作品（全7作品）のうちの1作品として上映されます。詳細は<a href=""http://www.uplink.co.jp/event/2014/27793"" target=""_blank"">こちら</a>をご覧ください。"
2014年5月20日,2014,201405,"Ecozine Film Festival, Spain",2014-04-21,Filmoteca de zaragoza（シネマテーク・サラゴサ）,"Palacio de los Morlanes<br/> Pza. San Carlos 4, Zaragoza, Spain",20:45～,--,"Will be screened at Official section - Feature Films at <a href=""www.festivalecozine.com"" target=""_blank"">Ecozine Film Festival</a> in Zaragoza, Spain."
2014年5月14日,2014,201405,"Uranium Film Festival, Brazil",2014-04-21,Cinemateca do Museu de Arte Moderna<br/> （現代美術館のシネマテーク）,"Av. Infante Dom Henrique 85, Parque do Flamengo, Rio de Janeiro, Brazil",19:00～,--,"Will be screened at <a href=""http://www.uraniumfilmfestival.org/en/"" target=""_blank"">4th Internatio​nal Uranium Film Festival</a> in Rio de Janeiro, Brazil."
2014年4月30日,2014,201404,東京・文京区,2014-04-28,東洋大学白山キャンパス 6号館2階6203教室,東京都文京区白山5-28-20<br/> 最寄り駅：都営地下鉄三田線「白山」駅徒歩5分,18:30～21:00（予定）,無料（若者応援カンパ大歓迎）,"主催：<a href=""http://hopemaker.org/"" target=""_blank"">NPO法人日本希望製作所</a><br/> 共催：NPO法人グリーンツーリズムネットワークセンター<br/> ※上映後監督とのトークセッションを予定。"
2014年4月27日,2014,201404,東京・新宿,2014-03-22,保育プラザ,東京都新宿区納戸町26-3<br/> 市谷駅徒歩10分、牛込神楽坂駅徒歩8分,開場13:00<br/> イベント13:30～16:30,500円（資料代、払える人のみ）,※住まいの貧困に取り組むネットワーク5周年の集い・映画祭にて上映されます。<br/> ※上映作品は『乙女ハウス』、『ホームレスごっこ』の他、遠藤大輔監督による、渋谷区宮下公園テント排除の映像（当イベントのために特別編集・初公開）。<br/> ※映画上映後に座談会があります：テーマ「住宅問題・住宅政策と貧困問題を語る」宇都宮健児さん（弁護士）、早川由美子（映画監督）、遠藤大輔さん（映画監督）、稲葉剛さん（ネットワーク世話人）、司会：坂庭国晴さん（ネットワーク世話人）<br/> ※主催：住まいの貧困に取り組むネットワーク
2014年4月10日,2014,201404,"Naples, Italy",2014-03-08,To be confirmed,To be confirmed,18:00～,--,"# ""The Apprentice Homeless"" will be shown at the 7th <a href=""http://www.acortodidonne.it/index_en.php"" target=""_blank"">""A Corto di Donne""</a> - International women's short film festival in Naples, Italy."
2014年3月23日,2014,201403,『踊る善福寺』東京・新宿,2014-03-06,目白・ゆうど,東京都新宿区下落合3-20-21,12:00～,"2,000円（豪華ケーキ付！）","※上映作品は『踊る善福寺』です。<br/> ※『踊る善福寺』作品の詳細は<a href=""http://brianandco.cocolog-nifty.com/blog/2014/03/jp-dancing-zemp.html"" target=""_blank"">こちら</a>をご覧ください。<br/> ※<a href=""http://brianandco.cocolog-nifty.com/blog/2014/03/jp-1-7e99.html"" target=""_blank"">『みんなのケーキ～1個目～』</a>イベント内での上映となります。当日は、ケーキデコレーションの他、ライブ、ワークショップ（食器作り、アロマ）や出店（日本茶お手前、ヘンプ雑貨、ヘナタトゥー、ボディペイント、カードリーディング, etc）もあります。<br/>"
2014年3月21日,2014,201403,『ホームレスごっこ』東京・西荻窪,2014-03-06,+ Cafe（タスカフェ）,"東京都杉並区西荻北3-1-9山屋ビル3階<a href=""http://www.tasuorg.com/cafe/"" target=""_blank"">[地図]</a>",17:30開場、18:00スタート,"1,500円（ワンドリンク付）","※最新作『ホームレスごっこ』（英語字幕付）本邦初公開です！<br/> ※作品の詳細は<a href=""http://brianandco.cocolog-nifty.com/blog/2014/03/jp-the-apprenti.html"" target=""_blank"">こちら</a>をご覧ください。<br/> ※映像 x パフォーマンス x ライブを詰め込んだスペシャルイベント<a href=""http://brianandco.cocolog-nifty.com/blog/2014/03/jp-0566.html"" target=""_blank"">『Catch & Throw Vol.1』</a>イベント内で上映されます。"
2014年3月11日,2014,201403,愛知・名古屋,2014-02-12,名古屋YWCA（2Fビッグスペース）,"名古屋市中区新栄町2-3<br/> 地下鉄「栄」東5番出口より東へ2分<a href=""http://www.nagoya-ywca.or.jp/mapfiles/ywcamap.html"" target=""_blank"">[地図]</a>",13:00～17:30頃,500円（県外避難者無料）,"主催：NPO法人チェルノブイリ救援・中部（Tel：052-732-7172）、未来につなげる・東海ネット（Tel：050-3500-2887）<br/> 当日は、東日本大震災3周年犠牲者追悼式黙とう、木田節子さんによるお話、チェルノブイリ救援・中部とCラボ（未来につなげる・東海ネット市民放射能測定センタ—）の成果報告についてのパネル展示が、「木田さんと原発、そして日本」の前後編上映とともにあります。詳しくは「未来につなげる・東海ネット」<a href=""http://tokainet.wordpress.com/2014/02/03/20140311/"" target=""_blank"">ホームページ</a>をご覧ください。"
2014年3月8日,2014,201403,茨城・つくば,2014-03-06,千年一日珈琲焙煎所,茨城県つくば市天久保3-21-3星谷ビル1F/G,19:00～21:00,800円（ドリンク付）,"※主催：<a href=""http://greens-ibaraki.jimdo.com/"" target=""_blank"">グリーンズ茨城</a> <br/> ※当日は、前半が『木田さんと原発』（前＆後編）上映、後半が3/11後の政治について、参加者での話し合いという構成になっています。茨城県初上映。お近くの方は是非いらしてください。"
2014年2月21日,2014,201402,"Hanoi, Viet Nam",2014-02-18,Hanoi DOCLAB,56-58 Nguyễn Thái Học - Hà Nội,14:00～,--,"# Event title: Screening & Talk with Yumiko Hayakawa<br/> # Screening films: ""Dancing Zempukuji"", ""The Apprentice Homeless""<br/> # Event organized by <a href=""http://www.hanoidoclab.org/en/"" target=""_blank"">Hanoi DOCLAB</a>"
2014年2月15日,2014,201402,東京・港区,2014-01-16,港区立男女平等参画センター5階ホール,"東京都港区芝浦3-1-47<a href=""http://www.minatolibra.jp/etc/access.html"" target=""_blank"">[地図]</a><br/> JR線田町駅東口（芝浦口)徒歩2分<br/> 都営浅草線・三田線三田駅A4出口徒歩4分",15:30～,無料,"主催：港区立男女平等参画センター（リーブラ）<br/> イベント名：『女性監督映画祭 ～それぞれのシスターフッドYeah！Sisterhood！～』<br/> 当日は、終日、世界各地の女性監督が作った作品が上映されます！また、映画評論家・松本侑壬子さんの講演と、早川由美子監督との対談も予定されています。詳しくは<a href=""http://www.minatolibra.jp/kouza/index.html#140215"" target=""_blank"">こちら</a>をご覧ください。"
2013年12月21日,2013,201312,東京・西荻窪,2013-12-08,かがやき亭,杉並区西荻北4－4－4三益ビル<br/> 最寄り駅：JR中央線・総武線西荻窪駅徒歩7分<br/> ※土曜日は中央線の快速が停車しません。総武線をご利用ください。<br/> 会場電話：03-5303-5085,17:40～開場、18:00開映,500円（安藤さんのコーヒー付。小学生以下無料）,"※『踊る善福寺』（約50分）の上映です。<br/> ※上映のあとに、出演者の一人、102才伝説のコーヒー豆卸・安藤久蔵さんより、コーヒーが振舞われます！<br/> ※上映後、監督や出演者による挨拶があります。<br/> ※当日の来場者により、日本語版、英語字幕付版いずれかを上映します。<br/> ※予約不要。<br/> ※主催：media+forest, 早川由美子"
2013年12月11日,2013,201312,東京・渋谷,2013-11-15,UPLINK,"東京都渋谷区宇田川町37-18トツネビル1階<a href=""http://www.uplink.co.jp/info/map/"" target=""_blank"">[地図]</a>",19:00開場、19:30開映<br/> 上映後には木田節子さんと監督によるトークがあります。,"1,500円",※「木田さんと原発、そして日本」DVD完成記念上映<br/> ※上映のあとには、木田節子さんと監督によるトークがあります。
2013年11月30日,2013,201311,東京・八王子,2013-11-22,八王子市生涯学習センター南大沢分館,"八王子市南大沢2-27南大沢総合センター2階<a href=""https://www.city.hachioji.tokyo.jp/kyoiku/gakushu/shogaigakusyu/11508/index.html"" target=""_blank"">[地図]</a>",13:30開場、14:00開映,多摩ニュータウン学会会員：無料<br/> 非会員：500円,※主催：多摩ニュータウン学会<br/> ※上映の後、約1時間の討論会があります。<br/> ※当日は監督も参加します。
2013年11月30日,2013,201311,三鷹いのちと平和映画祭,2013-11-27,癒しと創造のスペース・沙羅舎,東京都三鷹市下連雀3-1-24<br/> 最寄り駅：JR中央線・総武線/東西線「三鷹駅」南口徒歩6分,①2013年11月30日（土）15:20～「木田さんと原発」（前編）<br/> ②2013年12月1日（日）12:05～「木田さんと原発」（後編）、17:30～パネルディスカッション「私たちが考える-未来への提言」出演,"①11月30日券：前売り1,500円、当日2,000円<br/> ②12月1日券：前売り2,000円、当日2,500円<br/> ③2日間通し券（30日～1日）：前売りのみ3,000円","※主催：<a href=""http://www.mitakaff.com/"" target=""_blank"">三鷹いのちと平和映画祭</a><br/> ※映画祭初日（11月30日）は「木田さんと原発」（前編）、翌日（12月1日）は「木田さんと原発」（後編）が上映されます。<br/> ※12月1日は監督も参加します。上映後、17:30～のパネルディスカッションに参加します。"
2013年11月22日,2013,201311,神奈川・横浜,2013-10-18,女性映像フェア in 横浜,横浜市戸塚区上倉田町435-1<br/> JR・横浜市営地下鉄戸塚駅西口下車　徒歩5分,15:10~,"1,000円（当日上映の2作品が観られます）","※女性映像フェア in 横浜（11月21日～11月22日）にて上映されます。<br/> ※上映の後に、乙女ハウスの元主宰者・千野紀美子さんと監督のトークがあります！<br/> ※主催：男女共同参画センター横浜（フォーラム）<br/> ※映像フェア、そのほかの上映作品について詳しくは<a href=""http://www.women.city.yokohama.jp/find-from-p/p-seminar/search/detail/?id=4280"" target=""_blank"">こちら</a>をご覧ください。"
2013年11月17日,2013,201311,トロールの森上映会,2013-11-14,桃井第四小学校,東京都杉並区善福寺3-3-5<br/> JR中央線西荻窪駅よりバス<br/> 「上石神井駅」・「大泉学園駅」行き<br/> 「善福寺」下車徒歩1分,18:00～,無料,"※主催：<a href=""http://dis-locate.net/media+forest/about.html"" target=""_blank"">media+forest</a><br/> ※<a href=""http://www.trollsinthepark.com/"" target=""_blank"">「トロールの森」</a>イベントの一環として行われます。<br/> ※ビデオワークショップ参加者の作品、「トロールの森」参加アーティストの作品プレミア上映など。私は最新作「踊る善福寺」の初上映で参加します！"
2013年11月9日,2013,201311,愛知・名古屋市,2013-10-18,ウィルあいち 視聴覚ルーム,"愛知県名古屋市東区上竪杉町1番地 <a href=""http://will-aichi.c-3.jp/map.html"" target=""_blank"">[地図]</a><br/> 最寄り駅：地下鉄「市役所」駅　2番出口より東へ徒歩約10分<br/>",14:00～16:30（開場13:30）,800円（学生・障がい者は500円）定員50名,※上映作品は「木田さんと原発、そして日本」（前編＆後編）<br/> ※上映の後には監督トークがあります。<br/> ※主催：あいち平和映画祭実行委員会<br/> ※お問い合わせ先 TEL/FAX: 052-471-3381<br/> E-mail: ksspb996@yahoo.co.jp
2013年11月9日,2013,201311,大阪・吹田市,2013-10-27,千里ニュータウンプラザ6F「ラコルタ」会議室,"吹田市津雲台1丁目2番1号 <a href=""http://suita-koueki.org/koutuu/"" target=""_blank"">[ 地図 ]</a><br/> 千里ニュータウンプラザ6階<br/> ラコルタ（吹田市立市民公益活動センター）<br/>",13:30開場、14:00開映,無料,※主催・問い合わせ先：NPOタケミ<br/> 電話：06-6368-6539<br/> Eメール：kqks30452@iris.eonet.ne.jp<br/> ※事前申込みを優先。当日は席がある限り先着順。<br/> ※上映後懇談の時間を持ちます。
2013年10月20日,2013,201310,東京・荒川区,2013-08-27,もんじゃ焼き大和,荒川区東日暮里6-60-10 日暮里駅前中央ビル1F<br/> 最寄り駅：都営日暮里・舎人ライナー日暮里駅<br/> 尾久橋通り口 徒歩2分,15:00～17:00（開場は14:30）,"1,000円（1ドリンク＋下町みやげ付）",※主催：モケレンベンベ・プロジェクト「月壱一会」<br/> 電話/FAX：03-3807-1920<br/> Email：mokele@rr.iij4u.or.jp<br/> ※当日は監督も参加します！
2013年10月13日,2013,201310,スカパー！シネマアワー THE PRIZE,2013-09-23,スカパー！シネマアワー THE PRIZE<br/> ～世界の映画祭から～,--,①10月4日（金）：<br/> スカチャン5（ch.185）22:00<br/> スカチャン5（ch.585）22:00<br/> <br/> ②10月12日（土）：<br/> スカチャン5（ch.185）15:00<br/> スカチャン5（ch.585）15:00<br/> <br/> ③10月13日（日）：<br/> スカチャン5（ch.185）深夜2:00<br/> スカチャン5（ch.585）深夜2:00<br/>,--,"※「スカパー！シネマアワー THE PRIZE ～世界の映画祭から～」にて放映。番組紹介ページは<a href=""http://www.sukachan.com/movie/page/001891.html"" target=""_blank"">こちら</a>をご覧ください。"
2013年9月2日,2013,201309,愛知・名古屋市,2013-08-23,名古屋市教育館,名古屋市中区錦3-16-6<br/> 最寄り駅：栄駅3番出口徒歩1分<br/> 会場電話：052-961-2541,18:00～21:00（上映のあと、監督を囲む座談会あり）,500円（学生、生活保護受給者、または生活保護相当の収入の方は無料）,※『乙女ハウス』プレミアム上映会！<br/> ※主催・問い合わせ：居住福祉ネットワーク東海・事務局<br/> 〒466－8666　名古屋市昭和区八事本町101-2<br/> 中京大学　総合政策学部　岡本祥浩さん<br/> メール：yokamoto@mecl.chukyo-u.ac.jp<br/> FAX 052－835－7197
2013年8月30日,2013,201308,愛知・名古屋市,2013-08-01,文化のみち撞木館・和室2,"名古屋市東区橦木町2丁目18番地<a href=""http://www.shumokukan.city.nagoya.jp/index.html"" target=""_blank"">[ウェブサイト・地図]</a><br/>",開映：18:30～<br/> トーク：20:00～,"1,000円",※文化のみち撞木館 ドキュメンタリー映画上映会第1回<br/> ※「ブライアンと仲間たち」の上映です。<br/> ※映画上映後、監督と名古屋在住の映画評論家・高野史枝さんによる対談があります！　お楽しみに！
2013年8月22日,2013,201308,山形・山形市,2013-07-28,山形ドキュメンタリーフィルムライブラリー<br/> （ビッグウイング3F）<br/>,"山形市平久保100 山形国際交流プラザ（山形ビッグウイング）3F<a href=""http://www.yidff.jp/library/lib-access.html"" target=""_blank"">[地図]</a>",①14:00～（上映後に監督トークあり）<br/> ②19:00～（上映後に監督トークあり）,無料,※主催：山形ドキュメンタリーフィルムライブラリー金曜上映会（ただし今回のみ木曜開催）<br/> ※お問い合わせ<br/> 023-666-4480（山形事務局）<br/> 023-635-3015（フィルムライブラリー）
2013年7月6日,2013,201307,日仏会館（東京・恵比寿）,2013-06-06,日仏会館 フランス国立日本研究センター<br/> 1階ホール,"東京都渋谷区恵比寿3-9-25 <a href=""http://www.mfj.gr.jp/acces/index_ja.php"" target=""_blank"">[地図]</a>",10:00～17:15,無料,"※主催：日仏会館 フランス国立日本研究センター<br/> ※「住宅政策の新たな挑戦～貧困化、高齢化と移民の社会にどう応えるか？」イベント内で上映。<br/> ※参加申込はメール contact@mfj.gr.jp<br/> ※イベント概要について詳しくは<a href=""http://www.mfj.gr.jp/agenda/2013/07/06/index_ja.php"" target=""_blank"">こちら</a>をご覧ください。"
2013年6月18日,2013,201306,東京・三軒茶屋,2013-06-02,ふろむあーすカフェオハナ,"東京都世田谷区三軒茶屋1-32-6豊栄ビル1F [<a href=""http://www.cafe-ohana.com/access.html"" target=""_blank"">地図</a>]<br/> 最寄り駅：三軒茶屋徒歩2分<br/>",19:00～開場<br/> 19:30～開演・映画上映<br/> 21:25～パーラメント・スクエア現地報告、質疑応答など,"1,000円+ワンオーダー",※主催：にっしぃ劇場<br/> ※2011年6月18日に亡くなったブライアン・ホウの命日にあわせた上映です<br/> ※映画上映後、監督による最新パーラメント・スクエア現地報告と、質疑応答を予定しています。<br/> ※お問い合わせ・ご予約：にっしぃ劇場こと西村さん<br/> 090-4090-6002または Hideki.Nishimura@bsci.com<br/> ※当日参加も歓迎ですが、事前に分かる方はご予約をお願いします。
2013年6月9日,2013,201306,愛知・名古屋,2013-03-15,Space & Gallery Rikka,"名古屋市千種区城木町3-29-22 [ <a href=""http://space.geocities.jp/rikka_love_08/"" target=""_blank"">アクセス</a> ]<br/> 最寄り駅：地下鉄桜通線「吹上」2番出口より東へ徒歩8分「城木2」を南へ2本目を右折3軒目",開場12:30～、開映13:00,一般：800円<br/> 学生・シルバー・障がい者：500円,※主催：愛と平和と子どもたち<br/> ※お問い合わせ：090-9129-8748（福田さん）<br/> ※上映作品は以下の3作品<br/> ①13:00～「ブライアンからのビデオレター」<br/> ②13:15～「ブライアンと仲間たち パーラメント・スクエアSW1」<br/> ③15:30～「Brian」（Paul Wright撮影・編集）
2013年6月1日,2013,201306,大邱社会福祉映画祭（韓国・テグ）,2013-05-13,Daegu Image Media Center Screen Seenoon,Daegu Digital Industry Promotion Agency ICT PARK 2管 6階 （大明3洞 2139-11番地​​）,①5月30日（木）16:30～<br/> ②6月1日（土）14:00～,無料,"※大邱社会福祉映画祭での上映。<br/> ※映画祭公式ホームページは<a href=""https://www.facebook.com/swffindaegu"" target=""_blank"">こちら</a>です。（主に韓国語）<br/> ※韓国語＆英語字幕付きバージョンによる上映。"
2013年3月30日,2013,201303,東京・北区,2013-03-01,北区滝野川会館,東京都北区西ヶ原1-23-3<br/> 最寄り駅：JR京浜東北線・上中里駅（徒歩7分）<br/> JR山手線・駒込駅（徒歩10分）,13:30～17:00,"1,000円（3月30日&3月31日両日有効）","※第38回子供問題研究会・春の討論集会内で上映されます。<br/> ※上映後には「映画を観て語り合う～畦地豊彦さんを偲びつつ、『さようならUR』を観ながら「団地で暮らす」ことを語り合う～」として、子供問題研究会の篠原睦治さん、73号棟住民でもある畦地笙子さん、早川由美子による対談があります。<br/> ※当日の詳しいプログラム、そして翌日（31日）のプログラム内容については、<a href=""http://brianandco.cocolog-nifty.com/blog/2013/03/jp-2cd8.html"" target=""_blank"">こちら</a>をご覧ください。<br/> ※主催：子供問題研究会<br/> ※お問い合わせ先：子供問題研究会・事務局 03-3824-3306 または042-591-8975 まで。"
2013年3月26日,2013,201303,Seoul Independent DOcumentary Film & Video Festival（韓国・ソウル）,2013-03-07,①3月24日（日）Indiespace<br/> ②3月26日（火）Lotte Cinema Hongdae Ipgu,"①3月24日（日）Independent Film House Indiespace: 2F, 1-153, Sinmunno 2-ga, Jongno-gu, Seoul<br/> 最寄り駅：Gwanghwamun(光化門) Station, Subway line 5, Exit no.7<br/> ②3月26日（火）Lotte Cinema Hongdae Ipgu branch: 8F, Star Picasso, 166-6, Donggyo-dong, Mapo-gu, Seoul<br/> 最寄り駅：Hongdae Ipgu(弘大入口) Station, Subway line 2, Exit no.8<br/>",①3月24日（日）11:00～<br/> ②3月26日（火）13:00～,"5,000 Won","※Seoul Independent DOcumentary Film & Video Festival（ソウル・インディペンデント・ドキュメンタリー&ビデオ映画祭）にて上映。<br/> ※英語及び韓国語字幕がついています。<br/> ※映画祭ホームページは<a href=""http://www.sidof.org"" target=""_blank"">こちら</a>（韓国語のみ）"
2013年3月20日,2013,201303,居住福祉ネットワーク東海（名古屋）,2013-02-05,中京大学4号館東館１階「412」教室,名古屋市昭和区八事本町101-2<br/> 最寄り駅：名古屋市営地下鉄「八事」駅5番出口,13:00～開場、13:30～開映（イベント終了予定17:00）,500円（学生、生活保護受給者、または生活保護相当の収入の方は入場無料）,※「居住福祉ネットワーク東海」設立記念集会イベントの一部として上映されます。<br/> ※当日は、13:30～の第一部で映画上映、第二部は「居住福祉ネットワーク東海」設立の会（設立の趣意、参加者の紹介など）という構成になっています。（終了予定時刻17:00）<br/> ※お問い合わせ先：中京大学総合政策学部岡本研究室<br/> メール yokamoto@mecl.chukyo-u.ac.jp
2013年3月2日,2013,201303,東京・渋谷区,2013-03-02,【講演】難文輪読会,東海大学代々木校舎 2号館5階法科大学院2541教室<br/> 東京都渋谷区富ヶ谷2-28-4,18:00～20:00,--,※難文輪読会にて「インディペンデントのドキュメンタリー映画制作」について講演。参加は会員のみ。
2012年12月19日,2012,201212,UPLINK（渋谷）,2012-12-08,UPLINK（アップリンク）,"東京都渋谷区宇田川町37-18トツネビル<a href=""http://www.uplink.co.jp/info/map/"" target=""_blank"">[地図]</a>",14:00～（上映後にトークあり）<br/> トークゲスト：本田孝義監督（『モバイルハウスのつくりかた』）,"一般：￥1,200<br/> 学生・シニア・UPLINK会員：￥1,000",
2012年12月2日,2012,201212,東京・霞ヶ関,2012-11-21,経産省前テントひろば・第2テント,千代田区霞ヶ関1-3-1<br/> 最寄り駅：丸の内線・千代田線・日比谷線「霞ヶ関」駅A12出口す ぐ,17:00（～19:30頃終了予定）,無料,"※主催：<a href=""http://fukusimatotomoni.blog.fc2.com/"" target=""_blank"">原発いらない女たちのテントひろば</a><br/> ※上映終了後、同じ場所で監督を囲んでのお話会・交流会あり<br/> ※テントには暖房設備はありません。防寒対策をしっかりとしてお越しください"
2012年11月24日,2012,201211,岡山映画祭,2012-10-27,①11月18日（日）：3丁目劇場<br/> ②11月24日（土）：岡山シティミュージアム,"①11月18日（日）：3丁目劇場<br/> 岡山市北区表町三丁目15-1<a href=""http://www.city.okayama.jp/3chome/outline/index.htm"" target=""_blank"">[地図]</a><br/> ②11月24日（土）：岡山シティミュージアム<br/> 岡山市北区駅元町15-1<a href=""http://www.city.okayama.jp/okayama-city-museum/access/access_index.html"" target=""_blank"">[地図]</a>",①11月18日（日）14:00～（上映後に監督トーク有り）<br/> ②11月24日（土）16:40～,"前売り 1,000円/当日 1,300円<br/> 【割引券情報】<br/> フリーパス･12枚綴り 10,000円<br/> 6枚綴り 5,000円<br/> 3枚綴り 2,500円<br/> 中･高生 500円<br/> 小学生以下 無料<br/> 60歳以上 1,000円<br/> 身障者 800円(付き添い1名まで800円)<br/>","※主催：<a href=""http://ofilmfes2012.jugem.jp/"" target=""_blank"">岡山映画祭</a><br/> ※他の上映作品・スケジュールは<a href=""http://ofilmfes2012.jugem.jp/?eid=3"" target=""_blank"">こちら</a><br/> ※11月18日（日）上映後に監督トーク有り<br/>"
2012年10月28日,2012,201210,73号棟裁判報告集会（東京・日野市）,2012-10-08,日野中央福祉センター2階　集会室1・2,"JR日野駅から徒歩5分<br/> 甲州街道沿い「日野図書館」裏 <a href=""http://www.city.hino.lg.jp/index.cfm/195,687,341,1982,html"" target=""_blank"">[地図]</a>",14:00～16:00,無料,※高幡台団地73号棟9・13裁判報告集会<br/> ※内容：弁護団より裁判の報告と今後の展望など説明。意見交換も予定。<br/> ※主催：住まいを考える市民の会、高幡台団地73号棟住民の会<br/> ※映画の上映はありません。
2012年10月28日,2012,201210,JCJジャーナリスト講座（東京・築地）,2012-10-10,築地社会教育会館・視聴覚室,"東京都中央区築地4-15-1<a href=""http://chuo-shakyo.shopro.co.jp/tsukiji"" target=""_blank"">[地図]</a><br/> 最寄り駅：東銀座駅または築地市場駅より徒歩5分",13:30～17:00,"1,000円（資料代）",※2012年度JCJジャーナリスト講座<br/> ※10月28日の講座内容＆講師<br/> ①「脱原発報道で『こちら特報部』の果たした役割」<br/> 東京新聞・野呂法夫デスク<br/> ②「ドキュメンタリー映像を撮る」<br/> 早川由美子<br/> ※定員40名（要予約）<br/> ※申込はJCJ事務局　jcj@tky.3web.ne.jp <br/> または電話03-3291-6475（土日休み）
2012年10月26日,2012,201210,東京・新宿区,2012-10-27,早稲田大学理工学部キャンパス,--,13:00～,--,※「家の根本義ゼミナール」自主勉強会内にて上映＆ディスカッション
2012年9月14日,2012,201209,東京・中野区,2012-07-22,ポレポレ東中野,"東京都中野区東中野4-4-1ポレポレ坐ビル地下<a href=""http://www.mmjp.or.jp/pole2/"" target=""_blank"">[地図]</a>",12:30～,"1回券当日1,400円（当日券のみ）<br/> 3回券当日・前売り3,600円<br/> フリーパス券15,000円（50枚限定発行）<br/> ポレポレ東中野回数券（ポレポレ東中野のみ使用可）<br/> 10回券10,000円、5回券6,000円","※上映後に監督舞台挨拶あり<br/> ※「<a href=""http://www.cinematrix.jp/dds2012/"" target=""_blank"">ドキュメンタリー・ドリーム・ショー2012</a>」として上映"
2012年9月1日,2012,201209,東京・日野市,2012-08-16,七生公会堂,"東京都日野市三沢3-50-1 <a href=""http://maps.google.co.jp/maps?f=q&source=embed&hl=ja&geocode=&q=%E6%9D%B1%E4%BA%AC%E9%83%BD%E6%97%A5%E9%87%8E%E5%B8%82%E4%B8%89%E6%B2%A23-50-1&sll=35.658137,139.414003&sspn=0.011664,0.015042&ie=UTF8&ll=35.666083,139.418221&spn=0.020919,0.045233&z=14&iwloc=A"" target=""_blank"">[地図]</a><br/> 最寄り駅：京王線高幡不動駅下車徒歩7分",開場13:00～、開映13:30～,200円,※上映後に監督舞台挨拶あり<br/> ※主催：日野市民の会
2012年8月26日,2012,201208,東京・渋谷区,2012-07-22,オーディトリウム渋谷,"東京都渋谷区円山町1-5 KINOHAUS 2F <a href=""http://a-shibuya.jp/auditorium"" target=""_blank"">[地図]</a>",15:00～,"1回券当日1,400円（当日券のみ）<br/> 3回券当日・前売り3,600円<br/> フリーパス券15,000円（50枚限定発行）","※上映後に監督舞台挨拶あり<br/> ※「<a href=""http://www.cinematrix.jp/dds2012/"" target=""_blank"">ドキュメンタリー・ドリーム・ショー2012</a>」として上映"
2012年7月29日,2012,201207,東京・板橋区,2012-07-04,UR高島平2丁目団地32－2集会所,東京都板橋区高島平2丁目32－2</br> UR高島平2丁目団地32－2集会所<br/> 最寄り駅：都営地下鉄三田線「高島平」駅下車徒歩5分,開場14:00、開映14:30,500円,※当日は監督も来場します<br/> ※主催：高島平ドキュメンタリー映画を見る会<br/>
2012年7月25日,2012,201207,大阪・大阪市,2012-07-06,阿倍野長屋,"大阪市阿倍野区昭和町4-6-8<a href=""http://abeno-nagaya.info/"" target=""_blank"">[ウェブサイト]</a><br/> JR阪和線「南田辺駅」西口より徒歩3分<br/> 地下鉄御堂筋線「西田辺駅」1番出口より徒歩7分<br/>",開場19:00、開映19:30<br/> （21時より、スタンドアサヒにて懇談会あり）,無料（カンパ歓迎）,※上映後、監督とのスカイプトークがあります
2012年7月24日,2012,201207,東京・八王子市,2012-07-16,横山南市民センター・調理室,"東京都八王子市椚田町137-3 <a href=""http://www.hachiojibunka.or.jp/center/syokoyama/"" target=""_blank"">[地図]</a><br/> - JR八王子駅南口から和田経由「めじろ台駅」行で横山南市民センター下車徒歩1分<br/> - 京王めじろ台駅から｢法政大学」｢グリーンヒル寺田｣｢東京家政学院」行で椚田下車徒歩5分<br/> - 京王八王子駅から山田駅経由で｢東京家政学院」｢法政大学｣｢上大船｣行で椚田下車徒歩5分",18:00～,資料代300円,※当日は監督も来場します。<br/> ※主催：反貧困ネットワーク八王子<br/> ※お問い合わせ先：八王子合同法律事務所<br/>
2012年7月21日,2012,201207,東京・渋谷区,2012-06-07,渋谷女性センターアイリス,"渋谷区桜丘町23-21渋谷区文化総合センター大和田8F<a href=""http://www.shibu-cul.jp/access.html"" target=""_blank"">[地図]</a><br/> 最寄り駅：渋谷駅から徒歩5分",18:30～20:30（上映後に監督トークあり）,"1,000円",※上映後に監督トークがあります<br/> ※主催：映像女性学の会<br/>
2012年7月14日,2012,201207,[追悼上映]福岡・福岡市,2012-05-18,福岡市NPOボランティア交流センター・あすみん,"福岡市中央区大名2-6-46 福岡市立青年センター5F<a href=""http://www.fnvc.jp/use/access.html"" target=""_blank"">[地図]</a><br/> 最寄り駅：地下鉄空港線天神駅下車徒歩4分<br/> 地下鉄空港線赤坂駅下車徒歩約6分",19:00～22:00,カンパ500円,"※ブライアン追悼上映<br/> ※『ブライアンと仲間たち』本編の他、日本の観客に向けたブライアンからのビデオメッセージ（2009年制作、6分30秒）、『Brian』（2012年制作、15分）も上映されます。<br/> ※主催：<a href=""http://fufukuoka.web.fc2.com/"" target=""_blank"">フリーターユニオン福岡</a>"
2012年7月7日,2012,201207,東京・千代田区,2012-07-07,アジア太平洋資料センター(PARC)自由学校,--,14:00～17:00,--,※アジア太平洋資料センター(PARC)自由学校「生きる - 表現者たちが紡ぐ哲学」講座にて上映<br/> ※講座受講者のみ参加可能
2012年7月6日,2012,201207,シネ・ヌーヴォX（大阪）にて公開！,2012-05-07,シネ・ヌーヴォX（大阪）,"大阪市西区九条1-20-24<a href=""http://www.cinenouveau.com/access/access.html"" target=""_blank"">[地図]</a>",6/23（土）～6/29（金）15：30／19：30の2回上映<br/> 6/30（土）～7/6（金）11：00／17：25の2回上映,"一般1500円、学生1300円、シニア会員1000円<br/> 割引料金のご案内:<br/> 映画サービスデー（毎月1日）：1,000円均一<br/> ペアサービスデー（毎週月曜日）：お二人で2,000円（祝祭日は除く）<br/> レディースデー（毎週水曜日）：女性は1,000円均一",※「さようならUR」初の劇場公開、初の関西上映です！<br/> ※公開初日～6月26日までの間、監督も劇場へ向かいます！（舞台挨拶あり）<br/> ※映画のチラシを配ってくださる方、置いてくださる場所募集中です。ご連絡くださいませ。
2012年6月30日,2012,201206,東京・三鷹市,2012-06-11,明星学園高校会議室,"東京都三鷹市牟礼4-15-22<a href=""http://www.myojogakuen.ed.jp/high_school/map"" target=""_blank"">[地図]</a><br/> 最寄り駅：吉祥寺駅より徒歩20分<br/> バス：吉祥寺駅より、井の頭公園に向かう丸井斜め前4番乗り場「明星学園行き」13:04あり。10分ほど乗り、「牟礼西町」下車。明星高校は終点のひとつ手前のバス停。",13:30～,無料,※上映の後には監督トークがあります。<br/> ※主催：社会科サークル
2012年6月24日,2012,201206,[追悼上映]愛知・名古屋,2012-04-30,space & gallery rikka,"名古屋市千種区城木町3-29-22<a href=""http://space.geocities.jp/rikka_love_08/"" target=""_blank"">[地図]</a>",開場：12:30～、開映13:00～,一般:800円、学生・シルバー・障がい者:500円<br/> ※中学生以下無料,※ブライアン追悼上映<br/> ※『ブライアンと仲間たち』（13:15～）の他、日本の観客に向けたブライアンからのビデオメッセージ（2009年制作、13:00～）、『Brian』（2012年制作、15:30～）も上映されます。
2012年6月23日,2012,201206,神奈川,2012-06-23,--,--,--,--,※主催：住まいと住環境を考えるかながわ懇談会<br/> ※総会出席会員のみ参加可能
2012年6月18日,2012,201206,[追悼上映]東京・世田谷,2012-05-18,from Earth Cafe OHANA,"東京都世田谷区三軒茶屋1-32-6豊栄ビル1F<a href=""http://www.cafe-ohana.com/access.html"" target=""_blank"">[地図]</a>",19:00開場、19:30開映,"1,000円＋ドリンクまたはフード・オーダー",※ブライアン追悼上映（ブライアンの命日）<br/> ※上映後に監督トークがあります<br/> ※『ブライアンと仲間たち』本編の他、日本の観客に向けたブライアンからのビデオメッセージ（2009年制作、6分30秒）、『Brian』（2012年制作、15分）も上映されます。<br/> ※主催＆お問い合わせ先：にっしぃ劇場<br/>
2012年6月16日,2012,201206,[追悼上映]東京・千代田区,2012-05-18,路地と人,"東京都千代田区神田神保町1-14英光ビル2階<a href=""http://rojitohito.exblog.jp/i3/"" target=""_blank"">[地図]</a><br/> 最寄り駅：地下鉄神保町A5出口",18:00開場、18:30開映,500円,"※ブライアン追悼上映<br/> ※上映後に監督トークがあります（ゲストもあるかも）<br/> ※『ブライアンと仲間たち』本編の他、日本の観客に向けたブライアンからのビデオメッセージ（2009年制作、6分30秒）、『Brian』（2012年制作、15分）も上映されます。 <br/> ※主催：<a href=""http://rojitohito.exblog.jp/"" target=""_blank"">路地と人</a>"
2012年6月10日,2012,201206,2012年「住まいは人権デー」映画祭（東京・新宿）,2012-04-12,保育プラザ・2階研修室,"東京都新宿区納戸町26-3<a href=""http://www.hoiku-zenhoren.org/about/imgs/access-map.pdf"" target=""_blank"">[地図]</a><br/> 最寄り駅：都営大江戸線・牛込神楽坂駅徒歩8分、JR市ヶ谷駅徒歩15分",11:00～,資料代500円（払える方のみ）,※上映後に監督質疑応答あり。<br/> ※2012年「住まいは人権デー」映画祭～住まい、つながり、ささえ合い～イベントの第1部（午前の部）として上映されます。<br/> 午後の部は、休憩を挟んで13:20から。貧困問題の最前線と野宿する人びとのドキュメンタリー映画「渋谷ブランニューデイズ」の上映（75分）と、特別報告：「被災地の路上から」ビックイシュー基金、東日本大震災と仮住まい―短編映像の上映、ディスカッション「映画、映像から考える人間の尊厳と住まい」等、盛りだくさんの企画です。<br/> ※主催：住まいの貧困に取り組むネットワーク、日本住宅会議、国民の住まいを守る全国連絡会（住まい連）
2012年6月9日,2012,201206,[追悼上映]東京・小金井,2012-05-15,小金井市公民館本館4F視聴覚室,東京都小金井市中町4-15-14,18:30～,500円（資料代）,※ブライアン追悼上映<br/> ※上映後に監督トークがあります<br/> ※『ブライアンと仲間たち』本編の他、日本の観客に向けたブライアンからのビデオメッセージ（2009年制作、6分30秒）、『Brian』（2012年制作、15分）も上映されます。<br/> ※主催・お問合せ：ワンズ・アイズ・フィルム（水由さん）<br/>
2012年6月9日,2012,201206,東京・板橋区,2012-06-09,高島平団地集会所,--,14:00～,--,※主催：高島平三丁目自治会第4支部<br/> ※参加は自治会役員のみ
2012年5月25日,2012,201205,東京・文京区,2012-04-17,文京区民センター（3-C会議室）,"東京都文京区本郷4-15-14<a href=""http://www.city.bunkyo.lg.jp/gmap/detail.php?id=1754"" target=""_blank"">[地図]</a><br/> 最寄り駅：<br/> 都営三田線・大江戸線「春日駅A2出口」徒歩2分<br/> 東京メトロ丸ノ内線「後楽園駅4b出口」徒歩5分<br/> 東京メトロ南北線「後楽園駅6番出口」徒歩5分<br/> JR水道橋駅東口徒歩15分<br/> 都バス（都02・都02乙・上69・上60)春日駅徒歩2分",開場18:00～、開映18:30～,500円（資料代）,"※上映の後に監督トークがあります。<br/>※主催：<a href=""http://comcom.jca.apc.org/heikenkon/"" target=""_blank"">平権懇</a>(平和に生きる権利の確立をめざす懇談会)"
2012年4月22日,2012,201204,第14回ソウル国際女性映画祭（ソウル・韓国）,2012-04-07,① Artreon2（11:00～の回）監督質疑応答あり<br/> ② CGV Songpa 5（20:00～の回）,"① Artreon2（11:00～の回）は<a href=""http://www.wffis.or.kr/wffis2012/04eng_schedule/03_venues.php"" target=""_blank"">こちら</a>。<br/> ② CGV Songpa 5（20:00～の回）は<a href=""http://www.wffis.or.kr/wffis2012/04eng_schedule/0301_venues.php"" target=""_blank"">こちら</a>。",① 11:00～（会場：Artreon2、監督質疑応答あり）<br/> ② 20:00～（会場：CGV Songpa 5）,"6,000ウォン","※第14回ソウル国際女性映画祭<a href=""http://www.wffis.or.kr/wffis2012/03eng_program/01_pro_view.php?code=169"" target=""_blank"">「Asian Spectrum: Japanese Cinema 1955x2012 - Eternal Breast」</a>プログラムにて上映。<br/> ※英語及び韓国語字幕つき<br/> ※11:00～の回上映後には、監督質疑応答（英語＆韓国語）があります。"
2012年3月3日,2012,201203,DOCLAB210コレクション上映会（東京・千代田）,2012-02-21,路地と人,千代田区神田神保町1-14栄光ビル2F<br/> 最寄り駅：地下鉄神保町駅A5出口より徒歩2分,①昼の部：13:00～17:00（上映のみ。時間内出入り自由）<br/> ②夜の部：18:00～21:30（開場は17:30～。上映＋スカイプ質疑応答）,"①昼の部：500円（日本語解説資料つき）<br/> ②夜の部：1,000円（日本語解説資料つき）<br/> （入場料の50％はDOCLABへの寄付となります）","ベトナムのインディペンデント・メディアセンターDOCLABの、210年に制作された9作品を上映（ベトナム語。英語字幕あり）。夜の部では、DOCLAB創設者のグエン・チン・ティさんとスカイプでつないでディスカッションを予定。詳しくは<a href=""http://brianandco.cocolog-nifty.com/blog/2012/02/jp-doclab210-3.html"" target=""_blank"">こちら</a>をご覧ください。<br/> 主催：<a href=""http://rojitohito.exblog.jp/"" target=""_blank"">路地と人</a>"
2012年2月28日,2012,201202,東京・渋谷,2012-02-08,企業組合とも企画設計,"渋谷区代々木2-28-3高倉ビル2階 <a href=""http://www.tomoks.co.jp/info/index.html"" target=""_blank"">[地図]</a>",18:30～,500円（お茶、お菓子付き）,※「ブライアンと仲間たち」の上映です。<br/> ※当日は監督による挨拶もあります。<br/> 主催：企業組合とも企画設計（第38回連続DVD上映会）<br/> ※会場スペースの都合上、出来るだけ事前予約をお願いします。<br/> 予約・お問い合わせ：企業組合とも企画設計
2012年2月18日,2012,201202,東京・新宿区,2011-12-23,新宿区大久保地域センター３階・Ａ会議室,"東京都新宿区大久保2-12-7<br/> 最寄り駅：JR山手線・新大久保駅徒歩8分 [<a href=""http://www2.odn.ne.jp/ookubo/index.html#accessmap"" target=""_blank"">地図</a>]",13:00開場、13:30開映,500円（資料代）,映画は、「賃貸住宅からの追い出しにノーを　UR住宅団地で起こっていること～高幡台団地73号棟存続のたたかい連帯集会～」イベント内で上映されます。<br/>映画上映の後、監督挨拶、自由法曹団弁護士による講演「借地借家法と住まいの権利」、弁護団・住民の会による報告などが予定されています。（イベント終了予定16:30）<br/> 問い合わせ：NPO住まいの改善センター
2012年1月29日,2012,201201,大阪NDS中村葉子監督講演会,2012-01-11,日野市中央公民館・高幡台分室（旧高幡台小学校） 講座室3,"日野市程久保550教育センター内<a href=""http://www.city.hino.lg.jp/index.cfm/18,985,85,html"" target=""_blank"">[地図]</a><br/> 最寄り駅：京王線・高幡不動駅、多摩モノレール線・程久保駅",14:00～16:30,カンパ制,"大阪・千里ニュータウンの建替え問題を取材したドキュメンタリー映画『空っ風』の中村葉子監督による講演会。<br/> ※映画『空っ風』の上映は中止となりました。申し訳ございません。経緯については<a href=""http://brianandco.cocolog-nifty.com/blog/2012/01/jp-8d3c.html"" target=""_blank"">こちら</a>をご覧ください<br/> 主催：早川由美子、高幡台団地73号棟に住み続けたい住民の会<br/> ※翌1月30日（月）20:00～、新宿の<a href=""http://cafelavanderia.blogspot.com/"" target=""_blank"">カフェ☆ラヴァンデリア</a> での同監督イベントについても変更が入る可能性があります。直接会場へお問い合わせください。<br/> 主催：シネマdeねこちゃん"
2012年1月23日,2012,201201,東京・中央区,2011-12-13,築地社会教育会館・視聴覚室,"東京都中央区築地4丁目15番1号 [<a href=""http://chuo-shakyo.shopro.co.jp/tsukiji"" target=""_blank"">地図</a>]<br/> 最寄駅：都営浅草線・東京メトロ日比谷線「東銀座」駅徒歩5分<br/> または都営大江戸線「築地市場」駅徒歩5分",18:30～20:30,800円,上映の後に監督トークがあります。<br/> 主催：日本ジャーナリスト会議
2012年1月21日,2012,201201,カフェ放送てれれ1&2月号上映会,2012-01-13,路地と人,"東京都千代田区神田神保町1-14英光ビル2F<a href=""http://rojitohito.exblog.jp/i3"" target=""_blank"">[地図]</a><br/> 最寄り駅：東京メトロ半蔵門線・都営三田線/新宿線神保町駅A5出口から徒歩2分",19:00～（終了は21:30頃）,500円＋ワンドリンク・オーダー,"※<a href=""http://www.terere.jp/cafe-new.html"" target=""_blank"">カフェ放送てれれ</a>1月2月号上映会です。<br/> ※当日のプログラムについて詳しくは<a href=""http://rojitohito.exblog.jp/14404346/"" target=""_blank"">こちら</a>をご覧ください。<br/>"
2011年12月30日,2011,201112,反原発・年越しOccupy@経産省前テント（東京・霞ヶ関）,2011-12-28,経産省前テント広場,東京都千代田区霞ケ関1-3-1経産省前テント広場<br/> 最寄り駅：東京メトロ「霞ヶ関」駅A12a出口,22:00～（予定）,無料（テント広場へのカンパ歓迎）,"イベント名：反原発・年越しOccupy@経産省前テント～こんなんじゃ、よい年迎えらんない99%のための祭り～<br/> 主催：反原発・年越しOccupy@経産省前テント実行委員会<br/> ※オールナイトのイベントです。「ブライアン～」の他、反原発、占拠、労働etcの映画6本の上映を予定。詳しくは<a href=""http://toshikoshioccupy.blogspot.com/"" target=""_blank"">こちら</a>。<br/> ※当日のやむをえない事情により変更がある場合もあります。あらかじめご承知ください。<br/> ※屋外での上映となりますので、各自防寒対策をお願いします。"
2011年12月29日,2011,201112,CS朝日ニュースター「ContAct」ゲスト出演,2011-12-29,CS朝日ニュースター「ContAct」,"番組視聴方法についてはCS朝日ニュースター「ContAct」の<a href=""http://asahi-newstar.com/web/55_contact/?cat=18"" target=""_blank"">ホームページ</a>をご覧ください。放送後はOurPlanetTVの<a href=""http://www.youtube.com/user/OPTVstaff"" target=""_blank"">YouTubeチャンネル</a>上でも録画番組をご覧いただけます。",23:15～23:45,--,番組内容（朝日ニュースターのウェブサイトより）<br/> ==========<br/> 「ドキュメンタリーを大胆かつユニークに」<br/> ゲスト：早川由美子（ドキュメンタリー映画監督）<br/> キャスター：土屋豊（映画監督）、高木祥衣（OurPlanetTV）<br/>　 耐震性不足を理由に取り壊しが決まった、ＵＲ団地の住宅を追ったドキュメンタリー映画『さようならＵＲ』。<br/> 山形国際ドキュメンタリー映画祭で今回初めて創設された、「スカパー！IDEHA賞」を受賞したこの作品の監督は、なんと元郵便局員の早川由美子さん。<br/> 公務員から映画監督へと転身した彼女が、独特の視点で撮るドキュメンタリーの魅力に迫る。<br/> ==========
2011年12月23日,2011,201112,東京・小金井市,2011-12-05,小金井市公民館本館4F視聴覚室,"小金井市中町4-15-14 [ <a href=""http://koganei.kukanjoho.jp/koganei/map.jsp? x=-29467&y=-33438&scale=3&map=3?=ja&defLMK=true&mode= "" target=""_blank"">地図</a> ]</br> 最寄り駅：JR中央線・武蔵小金井駅",18:30～,"1,000円（資料代・制作者へのカンパ）",上映終了後に、監督のトークあり<br/> 主催・問合せ：ワンズ・アイズ・フィルム（水由さん/みずよしさん）
2011年12月11日,2011,201112,ヒロシマ平和映画祭2011（広島市）,2011-11-23,横川シネマ,広島市西区横川町3-1-12横川商店街ビルA棟1階<br/> 最寄り駅：JR横川駅,16:20～,"当日1,000円<br/> 4作品セット券3,000円（同日・同会場のヒロシマ平和映画祭2011クロージング「女が撮る～序章」全4作品）<br/> ※メール予約（当日精算）ご希望の方は、件名を「12/11女が撮る予約」として、お名前・ご連絡先・枚数を明記して〈cinema-st@mx41.tiki.ne.jp〉までお申し込みください。","主催：<a href=""http://hpff2011.untokosho.com/index.html"" target=""_blank"">ヒロシマ平和映画祭2011</a><br/> 監督舞台挨拶あり<br/>"
2011年12月10日,2011,201112,安房・今、ここから未来へフォーラム（千葉・館山市）,2011-11-24,千葉県南総文化ホール大会議室,"千葉県館山市北条740-1<a href=""http://www.nanso-bunka.jp/access/index.html"" target=""_blank"">[地図]</a>",13:00～17:00,"2,000円",「安房・今、ここから未来へフォーラム」（12月10日＆11日の2日間開催）の、フォーラム1として、「さようならUR」映画の上映＋トークとワークショップの、合計4時間のスペシャルイベントとなっています！<br/> 主催：安房・今、ここから未来へフォーラム実行委員会（安房平和映画祭実行委員会）<br/>
2011年12月3日,2011,201112,東京・世田谷,2011-12-03,フレール西経堂集会所,東京都世田谷区船橋5丁目17番地フレール西経堂,19:00～,--（自治会会員限定）,参加はフレール西経堂自治会会員のみ<br/> 上映の後に監督との質疑応答あり
2011年12月1日,2011,201112,東京・新宿,2011-12-01,シューレ大学,東京都新宿区若松町28-27<br/> 最寄り駅：都営大江戸線 若松河田駅 徒歩5分<br/> 東京メトロ東西線 早稲田駅 徒歩10分,19:00～,--,シューレ大学の学生限定となっています。<br/> 上映の後にはディスカッションを予定。
2011年11月27日,2011,201111,東京・日野市,2011-10-22,日野市中央公民館高幡台分室,"東京都日野市程久保550教育センター内<a href=""http://www.city.hino.lg.jp/index.cfm/18,985,85,html"" target=""_blank"">[地図]</a>",14:00～16:00,資料代500円,上映の後には監督トークがあります。<br/> 主催：高幡台団地73号棟に住み続けたい住民の会
2011年11月19日,2011,201111,東京・品川,2011-11-07,品川第2区民センター・第1集会室,"東京都品川区南品川5-3-20<a href=""http://asp.netmap.jp/map/2500212850.html"" target=""_blank"">[地図]</a><br/> 最寄り駅：京急青物横丁駅徒歩5分、JR大井町駅徒歩10分",13:30開場、14:00開映,500円（入場料ではなく資料代として）,"上映の後に監督トークがあります。<br/> 主催：<a href=""http://kusanomi.cocolog-nifty.com/"" target=""_blank"">草の実アカデミー</a>"
2011年11月12日,2011,201111,山形・鶴岡市,2011-10-13,鶴岡協同の家こぴあ・2階ホール,山形県鶴岡市余慶町1-2,14:00～16:00,一般800円、学生（大学生含）500円,上映後に監督トークがあります。<br/> 主催：庄内地域づくりと子育て・文化協同の会<br/>
2011年11月6日,2011,201111,東京・新宿,2011-11-01,--,--,19:00～,--,イギリスUCL学生限定の上映会です。英語版による上映。
2011年11月5日,2011,201111,千葉・習志野市,2011-10-13,サンロード津田沼5階・和室,千葉県習志野市津田沼5-12-12（京成津田沼駅直結の駅ビル）,13時開場、13:30開映,500円,主催：人権NGO 言論・表現の自由を守る会<br/> 上映後に監督トークあり<br/>
2011年10月11日,2011,201110,山形国際ドキュメンタリー映画祭（山形市）,2011-09-12,山形市民会館・小ホール,"山形市香澄町2-9-45<a href=""http://shanshanshan.jp/access/"" target=""_blank"">[ 地図 ]</a>",17:10～,"1回券：1,000円（前売り）、 1,200円（当日）(シニア料金は当日1,000円）<br/> 3枚つづり：2,500円（前売り）、 3,000円 （当日）<br/> 10枚つづり：6,000円（前売り）、 8,500円 （当日）<br/> 共通鑑賞券（フリーパス、公式カタログ2011引換券つき ）：10,000円 （前売り）、12,000円（当日）","※英語字幕つき<br/> ※上映のあとには監督トーク・質疑応答があります。<br/> 主催：<a href=""http://www.yidff.jp/home.html"" target=""_blank"">山形国際ドキュメンタリー映画祭</a>"
2011年10月10日,2011,201110,東京・日野市,2011-05-04,日野生活・保健センター,"日野市日野本町1丁目6番地の2<br/> （JR中央線日野駅から徒歩約10分）<br/> <a href=""http://www.petite.com"" target=""_blank"">[ 地図 ]</a>",開場 14:00<br/> 開映 14:30<br/>,500円,主催：73号棟に住み続けたい住民の会<br/> 電話：080-4146-3404
2011年10月2日,2011,201110,東京・武蔵野市,2011-08-26,武蔵野公会堂・第2会議室,"東京都武蔵野市吉祥寺南町1-6-22<a href=""http://www.musashino-culture.or.jp/koukaido/index.html"" target=""_blank"">[ 地図 ]</a>",18:00～,無料,同日・同会場にて、午後3時より「さようならUR」の上映会もあります。（入場料500円。途中に1時間の休憩あり）<br/> ※ブライアン追悼上映特別企画として、「ブライアンと仲間たち」上映後に、イギリスの出演者とスカイプ中継を予定しています！　ぜひいらしてください（Ustream放送の予定はありません）。<br/> ※当日、やむをえない事情によりスカイプ中継が出来ない場合は、監督トークに変更となります。<br/> ※十分な座席を用意していますが、もし満席となった場合は立ち見、もしくはご入場できない場合もあります。<br/> 主催：早川由美子の映画を観る会<br/> お問い合わせ：0422-44-0364（谷島さん）
2011年10月2日,2011,201110,東京・武蔵野市,2011-08-26,武蔵野公会堂・第2会議室,"東京都武蔵野市吉祥寺南町1-6-22<a href=""http://www.musashino-culture.or.jp/koukaido/index.html"" target=""_blank"">[ 地図 ]</a>",15:00～,500円,※上映後に監督によるトークがあります。<br/> ※「さようならUR」監督トークのあと、1時間の休憩（午後5時～6時の間）をはさんで、同会場にて午後6時より、「ブライアンと仲間たち」追悼上映会（無料）＋イギリス出演者スカイプ中継もあります。こちらもぜひご参加ください。<br/> ※会場では簡単な軽食の購入も可能です。（協力：わくわくクッキング）<br/> 主催：早川由美子の映画を観る会<br/>
2011年10月2日,2011,201110,東京・武蔵野市,2011-08-26,武蔵野公会堂・第2会議室,"東京都武蔵野市吉祥寺南町1-6-22<a href=""http://www.musashino-culture.or.jp/koukaido/index.html"" target=""_blank"">[ 地図 ]</a>",18:00～,無料,※同日・同会場にて、午後3時より「さようならUR」の上映会もあります。（入場料500円。上映後の監督トークは午後5時終了。6時まで休憩時間）<br/> ※会場では簡単な軽食の購入も可能です。（協力：わくわくクッキング）<br/> ※ブライアン追悼上映特別企画として、「ブライアンと仲間たち」上映後に、イギリスの出演者とスカイプ中継を予定しています！　ぜひいらしてください（Ustream放送の予定はありません）。<br/> ※当日、やむをえない事情によりスカイプ中継が出来ない場合は、監督トークに変更となります。<br/> ※十分な座席を用意していますが、もし満席となった場合は立ち見、もしくはご入場できない場合もあります。<br/> 主催：早川由美子の映画を観る会<br/>
2011年9月30日,2011,201109,「住まいるチャンネル・仙台生放送」宮城・仙台市,2011-08-29,仙台メディアテーク,"宮城県仙台市青葉区春日町2-1<a href=""http://www.smt.city.sendai.jp/info/access/"" target=""_blank"">[ 地図 ]</a>",18:00～19:45,無料,"住まいの貧困に取り組むネットワークがお届けするインターネットTV企画「住まいるチャンネル」第2弾は、仙台メディアテークからの生放送でお届けします！<br/> 視聴URLは<a href=""http://ustream.tv/channel/smichan"" target=""_blank"">こちら</a>です。<br/> 番組の詳細は<a href=""http://brianandco.cocolog-nifty.com/blog/2011/08/jp-76ee.html"" target=""_blank"">ブログ</a>をご覧ください。<br/> 放送協力：せんだいメディアテーク・<a href=""http://recorder311.smt.jp"" target=""_blank"">3がつ11にちをわすれないためにセンター</a>"
2011年9月28日,2011,201109,東京・日野市,2011-08-11,日野市中央公民館高幡台分室,"東京都日野市程久保550教育センター内<a href=""http://www.city.hino.lg.jp/index.cfm/18,985,85,html"" target=""_blank"">[地図]</a>",14:00～,500円,上映の後には監督トークがあります。<br/> 主催：高幡台団地73号棟に住み続けたい住民の会<br/> ※開催日程が9月27日（火）から変更となりましたのでご注意ください。
2011年9月17日,2011,201109,Shintoku空想の森映画祭（北海道）,2011-08-22,北海道新得町新内（にいない）ホール,"北海道上川郡新得町字新内<a href=""http://www.kuusounomori.com/access-hotel/"" target=""_blank"">[ 地図 ]</a>",13:30～,"1日券1,500円（前売り）、2,000円（当日）<br/> 3日券通し券3,000円（前売り）、4,000円（当日）","主催：<a href=""http://www.kuusounomori.com/"" target=""_blank"">第16回Shintoku空想の森映画祭</a><br/> 上映の後には監督Q&Aがあります。"
2011年9月11日,2011,201109,神奈川・横浜市,2011-08-14,海岸通団地集会所,神奈川県横浜市中区海岸通<br/> 最寄り駅：みなとみらい線馬車道駅,19:00～,500円,上映の後には監督トークがあります。<br/> 主催：海岸通団地自治会
2011年9月10日,2011,201109,愛知・名古屋市,2011-08-01,北生涯学習センター・視聴覚室,"愛知県名古屋市中区大井町7-25<a href=""http://www.suisin.city.nagoya.jp/guidance/access.html"" target=""_blank"">[地図]</a><br/> 最寄り駅：地下鉄「黒川」駅4番出口",13:30～,500円,「早川由美子監督　映像とトーク」イベント：監督を囲み、ブライアンのこと、新作のこと、大震災被災地での取材etc、現在までの活動、そして取材秘話などを、映像も交えながら語り、皆さんと交流するイベントです。（※映画本編の上映ではありません）<br/> 主催：あいち平和映画祭実行委員会<br/>
2011年9月9日,2011,201109,あいち国際女性映画祭（名古屋市）,2011-07-09,ウィルあいち3階大会議室,"愛知県名古屋市東区上竪杉町1<a href=""http://www.aiwff.com/access/willaichi.html"" target=""_blank"">[ 地図 ]</a>",14:00～,"①前売り券900円（発売期間：8月5日～9月6日）<br/> ②当日券1,100円（発売期間：9月7日～9月11日）<br/> 購入について詳しくは<a href=""http://www.aiwff.com/ja/tickets-will.html"" target=""_blank"">こちら</a>をご覧ください。","上映のあとには監督トークがあります。<br/> 主催：<a href=""http://www.aiwff.com/index.php"" target=""_blank"">あいち国際女性映画祭2011</a>"
2011年9月8日,2011,201109,あいち国際女性映画祭（名古屋市）,2011-08-11,ウィルあいち3階 会議室5,"愛知県名古屋市東区上竪杉町1<a href=""http://www.aiwff.com/access/willaichi.html"" target=""_blank"">[地図]</a>",16:30～18:00,無料,あいち国際女性映画祭トークサロンイベント<br/> ゲスト：山上千恵子監督、早川由美子監督<br/> コーディネーター：加藤和己さん（あいち国際女性映画祭イベントディレクター）<br/> 定員：40名（予約不要）<br/> 主催：あいち国際女性映画祭
2011年9月2日,2011,201109,愛知県名古屋市,2011-05-03,あいち女性センター,愛知県名古屋市栄町,17:00～,"1,000円",２回目の上映！
2011年8月28日,2011,201108,東京・高円寺,2011-07-29,素人の乱12号店,"東京都杉並区高円寺北3-8-12フデノビル2F　奥の部屋<br/> 最寄り駅：JR中央線高円寺駅徒歩7分 <a href=""http://trio4.nobody.jp/keita/shop/12/index.html"" target=""_blank"">[ウェブサイト]</a>",19:00～,500円,主催：山口静子さん（女性と貧困ネットワーク）<br/> 上映後には監督トークがあります。
2011年8月25日,2011,201108,東京・中央区,2011-07-22,築地社会教育会館・視聴覚室,東京都中央区築地4-15-1<br/> 最寄り駅：地下鉄東銀座駅6番出口徒歩5分,18:30～,800円（学生500円）,「英国の反戦活動家・ブライアン氏追悼、JCJ映画の集い」<br/>上映後に監督トークあり<br/>主催：日本ジャーナリスト会議
2011年8月10日,2011,201108,神奈川県・藤沢市,2011-07-13,藤沢市労働会館,"神奈川県藤沢市本町1-12-17<a href=""http://www.fujisawa-rodo.jp/access.html"" target=""_blank"">[ 地図 ]</a><br/> 小田急線藤沢本町駅徒歩10分、JR藤沢駅徒歩15分",13:00～16:00,300円,主催：全日本年金者組合藤沢支部<br/> 上映後に監督による質疑応答あり<br/>
2011年7月30日,2011,201107,東京・日野市,2011-06-26,日野市生活・保健センター,"日野市日野本町1-6-2（JR中央線日野駅から徒歩約10分） <a href=""http://www.city.hino.lg.jp/index.cfm/18,646,84,html"" target=""_blank"">[ 地図 ]</a>",14:00～（上映のあとに監督トークあり）,500円,上映後に監督トークがあります。
2011年7月14日,2011,201107,"Madison, Wisconsin, United States",2011-07-09,Michelangelo's Coffee House,"114 State Street, Madison, Wisconsin<a href=""http://michelangeloscoffeehouse.com/"" target=""_blank"">[ website ]</a>",20:30,Free (Donation welcome for Japan's earthquake relief),"This is a Bastille Day event organised by North Side Peace Gathering of Chicago, the Peregrine Forum, the Committee For Justice in the Middle East (CJME), and other organizations.<br/> The screening will be followed by testimonials by people who have met Brian. Anyone in the Madison area who met Brian is urged to attend. This will be followed by a discussion about the peace movement, Brian Haw, and the lessons of his 10-year protest."
2011年7月6日,2011,201107,"Chicago, Illinois, United States",2011-07-05,Abbey Pub Performance Room,"3420 W.Grace Chicago, IL 60618<br/> Venue's <a href=""http://www.abbeypub.com/"" target=""_blank"">website</a>",19:00～,Free (Donation welcome for Japan's earthquake relief),"This is a tribute event to Brian. <br/>Please see the Chicago Indymedia <a href=""http://chicago.indymedia.org/newswire/display/94388"" target=""_blank"">article</a> for details."
2011年7月6日,2011,201107,"Chicago, Illinois, United States",2011-07-05,Abbey Pub Performance Room,"3420 W.Grace Chicago, IL 60618<br/> Venue's <a href=""http://www.abbeypub.com/"" target=""_blank"">website</a>",19:00~,Free (Donation welcome for Japan's earthquake relief),"This is a tribute event to Brian. <br/>Please see the Chicago Indymedia <a href=""http://chicago.indymedia.org/newswire/display/94388"" target=""_blank"">article</a> for details."
2011年7月3日,2011,201107,福岡・福岡市,2011-05-24,第25回福岡アジア映画祭2011（福岡・福岡市）,九州日仏学館5階ホール<br/> 福岡市中央区大名2-12-6<br/> 地下鉄・赤坂駅3番出口を出てすぐ,①2011年7月1日（金）15:00（監督ティーチイン有り）<br/> ②2011年7月2日（土）13:00<br/> ③2011年7月3日（日）13:00（監督ティーチイン有り）,"前売：（1作品券）1,400円、（5作品券）6,000円、（10作品券）10,000円<br/>当日：（一般）1,800円、（大学）1,500円（中高・シニア60才以上）1,000円","主催： <a href=""http://www2.gol.com/users/faff/schedule2011.html"" target=""_blank"">福岡アジア映画祭</a>"
2011年7月2日,2011,201107,福岡・福岡市,2011-06-29,福岡市中央市民センター・視聴覚室,福岡市中央区赤坂2-5-8,18:15～,カンパ制,監督挨拶・質疑応答有り<br/> 主催：上映実行委員会（代表:斉藤輝二九州住宅会議事務局長）
2011年6月25日,2011,201106,東京・三軒茶屋,2011-05-29,from Earth Cafe OHANA,"東京都世田谷区三軒茶屋1-32-6豊栄ビル1F<br/> 最寄り駅：東急田園都市線三軒茶屋駅 南口B<br/> <a href=""http://www.cafe-ohana.com/access.html"" target=""_blank"">[ 地図 ]</a>",19:00開場、19:30開映<br/> 上映後に監督トークあり,"1,000円＋ワンドリンクまたはワンフード",主催：にっしぃ劇場<br/>
2011年6月20日,2011,201106,東京・渋谷,2011-05-24,とも企画設計（東京・渋谷）,東京都渋谷区代々木2-28-3 高倉ビル2階<br/> 企業組合 とも企画設計,18:30～,500円,※主催：とも企画設計
2011年6月12日,2011,201106,東京・新宿,2011-05-09,自由と生存の家,東京都新宿区愛住町3番<br/> 地下鉄丸ノ内線四谷三丁目駅より徒歩3分<br/> （消防博物館前を出て交番前を通り、次の角を右折、花屋前の小道を入る。）,開場13:45、開映14:00,500円,上映後に監督トークあり。<br/> 当日、同会場で有機・減農薬野菜直売会が開催されます（10時～16時30分）<br/> 主催： 自由と生存の野菜市
2011年5月28日,2011,201105,東京・日野市,2011-05-24,高幡台団地73号棟集会所（東京・日野市）,"東京都日野市程久保650-73 <a href=""http://yj.pn/KxGbel"" target=""_blank"">[ 地図 ] </a><br/> 最寄り駅：京王線高幡不動駅よりバス5分または徒歩15分",開場：13:30、開映：13:40,500円,このイベントは「映画と団地活性化・プラン発表の集い」として、2部構成となっております。第1部は映画の上映、第2部は「建築家による団地活性化提案発表（高幡台団地再生計画作りワークショップ第2回）」です。<br/> 主催：高幡台団地73号棟に住み続けたい住民の会
2011年5月26日,2011,201105,東京・飯田橋,2011-03-23,東京ボランティア・市民活動センター（東京・飯田橋）,"東京都新宿区神楽河岸1-1<br/>JR中央線・地下鉄飯田橋駅下車 徒歩1分 地図は<br/><a href=""http://www.tvac.or.jp/page/tvac_access.html"" target=""_NEW"">こちら</a>です。","開場18:30,開映19:00",500円（介助者は無料）,"完成披露上映会。上映後に監督を交えてトーク＆ディス カッションがあります。 主催：<a href=""http://www.videoact.jp/"" target=""_NEW"">[VIDEO ACT!]</a>"
2011年3月25日,2011,201103,Yunnan Provincial Library,2011-03-23,Yunnan Provincial Library,中国雲南省昆明,14:00 - 18:00,無料,"<a href=""http://www.yunfest.org/"" target=""_NEW"">YUNFEST 2011</a>にて、 ""Films from Participants in the Yunnan Cinema Dojo""プログラムの一部として上映されます。その他の上映作品は""ドキュメンタリーごっこ""（内藤雅行監督）と""ここにいることの記憶""（川部良太監督）。"
2011年3月21日,2011,201103,東京・高田馬場,2011-03-03,戸塚地域センター,"東京都新宿区高田馬場2-18-1 [<a href=""http://www.to1.bz-office.net/gaiyo.html"" target=""_NEW"">map</a>]JR山手線・地下鉄東西線・西武新宿線「高田馬場駅」下車徒歩3分",10:30～,500円（資料代、払える方のみ）,初公開！　上映後に監督と出演者による舞台挨拶があります。
2011年2月11日,2011,201102,東京・飯田橋,2011-02-03,市民メディアセンター「子どもの家」,東京都新宿区飯田橋3-6-3,開場 16:00～<br/> 開映 16:30～,"一般1,000円<br/> 高校生以下500円",上映の後に監督トークがあります。<br/> 主催：言論の自由を守る会